GameID,Season,Week,Team,TeamID,Location,Opponent,OpponentID,Win,PTS,PTS_Opp,Diff,VAL,T2M,T2A,T2%,T3M,T3A,T3%,FTM,FTA,FT%,FGM,FGA,FG%,ORB,DRB,TRB,AST,STL,TOV,BLK,PF,PF_R,Game_Poss,Team_Poss,ORTG,DRTG,NET_RTG,PPP,PPS,TS%,eFG%,3PAr,FTr,ORB%,DRB%,TRB%,%FGM_Ast,TOV%,AST/TO,AST_Ratio
104459,2025,Jornada 1,UNI,4384,HOME,SBB,4389,1,86,68,18,96,25,43,58.1,7,18,38.9,15,22,68.2,32,61,52.5,10,25,35,26,7,16,0,25,22,76.0,76.7,113.2,89.5,23.7,1.12,1.41,60.8,58.2,29.5,36.1,33.3,75.8,55.6,81.2,18.5,1.62,33.9
104459,2025,Jornada 1,SBB,4389,AWAY,UNI,4384,0,68,86,-18,64,16,33,48.5,6,23,26.1,18,28,64.3,22,56,39.3,8,20,28,13,8,15,3,22,25,76.0,75.3,89.5,113.2,-23.7,0.9,1.21,49.8,44.6,41.1,50.0,24.2,66.7,44.4,59.1,18.0,0.87,17.3
104460,2025,Jornada 1,BUR,4402,HOME,GIR,4399,1,97,79,18,109,23,38,60.5,8,33,24.2,27,34,79.4,31,71,43.7,12,29,41,15,15,15,3,26,27,90.2,89.0,107.5,87.5,19.9,1.09,1.37,56.4,49.3,46.5,47.9,33.3,80.6,56.9,48.4,14.9,1.0,16.9
104460,2025,Jornada 1,GIR,4399,AWAY,BUR,4402,0,79,97,-18,70,20,36,55.6,5,30,16.7,24,33,72.7,25,66,37.9,7,24,31,23,10,18,1,28,25,90.2,91.5,87.5,107.5,-19.9,0.86,1.2,49.1,41.7,45.5,50.0,19.4,66.7,43.1,92.0,18.3,1.28,25.1
104461,2025,Jornada 1,TEN,4391,HOME,MAN,4396,1,104,93,11,123,23,42,54.8,11,27,40.7,25,28,89.3,34,69,49.3,13,23,36,16,10,12,1,18,26,82.1,80.3,126.6,113.2,13.4,1.29,1.51,63.9,57.2,39.1,40.6,40.6,76.7,58.1,47.1,12.9,1.33,19.9
104461,2025,Jornada 1,MAN,4396,AWAY,TEN,4391,0,93,104,-11,88,28,50,56.0,7,19,36.8,16,18,88.9,35,69,50.7,7,19,26,23,4,14,2,26,17,82.1,83.9,113.2,126.6,-13.4,1.11,1.35,60.5,55.8,27.5,26.1,23.3,59.4,41.9,65.7,15.4,1.64,27.4
104462,2025,Jornada 1,LLE,4387,HOME,BRE,4395,1,87,68,19,110,27,43,62.8,8,27,29.6,9,19,47.4,35,70,50.0,14,33,47,27,8,11,5,22,19,77.2,75.4,112.6,88.0,24.6,1.15,1.24,55.5,55.7,38.6,27.1,43.8,76.7,62.7,77.1,12.3,2.45,35.8
104462,2025,Jornada 1,BRE,4395,AWAY,LLE,4387,0,68,87,-19,56,14,35,40.0,8,32,25.0,16,23,69.6,22,67,32.8,10,18,28,17,3,12,6,19,22,77.2,79.1,88.0,112.6,-24.6,0.86,1.01,44.1,38.8,47.8,34.3,23.3,56.2,37.3,77.3,13.5,1.42,21.5
104463,2025,Jornada 1,COV,4401,HOME,JOV,4394,0,75,87,-12,65,22,40,55.0,4,18,22.2,19,31,61.3,26,58,44.8,7,24,31,12,3,11,2,20,22,74.2,75.6,101.1,117.2,-16.2,0.99,1.29,52.3,48.3,31.0,53.4,22.6,66.7,46.3,46.2,13.3,1.09,15.9
104463,2025,Jornada 1,JOV,4394,AWAY,COV,4401,1,87,75,12,103,29,46,63.0,4,26,15.4,17,20,85.0,33,72,45.8,12,24,36,18,8,4,5,23,20,74.2,72.8,117.2,101.1,16.2,1.2,1.21,53.8,48.6,36.1,27.8,33.3,77.4,53.7,54.5,4.7,4.5,24.7
104464,2025,Jornada 1,RMB,4388,HOME,GCA,4390,1,81,71,10,85,15,31,48.4,14,30,46.7,9,14,64.3,29,61,47.5,6,21,27,22,6,11,4,21,18,72.2,72.2,112.3,98.4,13.9,1.12,1.33,60.3,59.0,49.2,23.0,20.7,77.8,48.2,75.9,14.1,2.0,30.5
104464,2025,Jornada 1,GCA,4390,AWAY,RMB,4388,0,71,81,-10,76,17,30,56.7,9,27,33.3,10,14,71.4,26,57,45.6,6,23,29,16,7,15,4,18,21,72.2,72.2,98.4,112.3,-13.9,0.98,1.25,56.2,53.5,47.4,24.6,22.2,79.3,51.8,61.5,19.2,1.07,22.2
104465,2025,Jornada 1,CAZ,4392,HOME,BKN,4398,1,107,88,19,120,34,54,63.0,8,26,30.8,15,22,68.2,42,80,52.5,14,27,41,24,8,13,1,23,24,87.2,88.7,122.7,100.9,21.8,1.21,1.34,59.7,57.5,32.5,27.5,35.9,65.9,51.2,57.1,12.7,1.85,27.1
104465,2025,Jornada 1,BKN,4398,AWAY,CAZ,4392,0,88,107,-19,88,26,42,61.9,4,28,14.3,24,29,82.8,30,70,42.9,14,25,39,15,8,17,4,25,22,87.2,85.8,100.9,122.7,-21.8,1.03,1.26,53.2,45.7,40.0,41.4,34.1,64.1,48.8,50.0,17.0,0.88,17.5
104466,2025,Jornada 1,UCM,4393,HOME,MBA,4385,1,95,64,31,115,18,33,54.5,14,33,42.4,17,18,94.4,32,66,48.5,13,26,39,30,9,14,0,22,15,74.0,74.9,128.3,86.5,41.9,1.27,1.44,64.3,59.1,50.0,27.3,50.0,72.2,62.9,93.8,15.9,2.14,40.0
104466,2025,Jornada 1,MBA,4385,AWAY,UCM,4393,0,64,95,-31,59,16,39,41.0,5,21,23.8,17,23,73.9,21,60,35.0,10,13,23,16,6,13,2,15,21,74.0,73.1,86.5,128.3,-41.9,0.88,1.07,45.6,39.2,35.0,38.3,27.8,50.0,37.1,76.2,15.6,1.23,21.9
104467,2025,Jornada 1,VBC,4397,HOME,BAR,4386,1,93,81,12,111,17,32,53.1,12,25,48.0,23,28,82.1,29,57,50.9,8,25,33,24,6,13,2,19,20,75.8,74.3,122.7,106.9,15.8,1.25,1.63,67.1,61.4,43.9,49.1,30.8,62.5,50.0,82.8,15.8,1.85,32.3
104467,2025,Jornada 1,BAR,4386,AWAY,VBC,4397,0,81,93,-12,79,23,41,56.1,9,35,25.7,8,12,66.7,32,76,42.1,15,18,33,16,8,11,3,20,19,75.8,77.3,106.9,122.7,-15.8,1.05,1.07,49.8,48.0,46.1,15.8,37.5,69.2,50.0,50.0,11.9,1.45,20.7
104468,2025,Jornada 2,GIR,4399,HOME,UCM,4393,0,71,93,-22,62,15,31,48.4,8,36,22.2,17,21,81.0,23,67,34.3,11,25,36,16,2,12,0,24,22,76.7,77.2,92.6,121.3,-28.7,0.92,1.06,46.6,40.3,53.7,31.3,29.7,67.6,48.6,69.6,13.6,1.33,20.7
104468,2025,Jornada 2,UCM,4393,AWAY,GIR,4399,1,93,71,22,98,16,30,53.3,11,36,30.6,28,32,87.5,27,66,40.9,12,26,38,9,7,8,1,22,23,76.7,76.1,121.3,92.6,28.7,1.22,1.41,58.1,49.2,54.5,48.5,32.4,70.3,51.4,33.3,9.1,1.12,11.8
104469,2025,Jornada 2,MBA,4385,HOME,TEN,4391,0,64,96,-32,45,14,32,43.8,8,27,29.6,12,19,63.2,22,59,37.3,14,23,37,9,5,19,1,23,16,72.2,72.4,88.7,133.0,-44.3,0.88,1.08,47.5,44.1,45.8,32.2,37.8,82.1,56.9,40.9,22.0,0.47,12.4
104469,2025,Jornada 2,TEN,4391,AWAY,MBA,4385,1,96,64,32,122,17,27,63.0,13,32,40.6,23,25,92.0,30,59,50.8,5,23,28,20,9,7,1,16,23,72.2,72.0,133.0,88.7,44.3,1.33,1.63,68.6,61.9,54.2,42.4,17.9,62.2,43.1,66.7,9.1,2.86,27.8
104470,2025,Jornada 2,GCA,4390,HOME,UNI,4384,0,72,81,-9,75,12,23,52.2,10,30,33.3,18,30,60.0,22,53,41.5,6,27,33,19,3,11,2,23,24,71.4,71.2,100.9,113.5,-12.6,1.01,1.36,54.4,50.9,56.6,56.6,20.7,81.8,53.2,86.4,14.2,1.73,26.7
104470,2025,Jornada 2,UNI,4384,AWAY,GCA,4390,1,81,72,9,89,16,32,50.0,9,29,31.0,22,24,91.7,25,61,41.0,6,23,29,17,7,6,3,24,22,71.4,71.6,113.5,100.9,12.6,1.13,1.33,56.6,48.4,47.5,39.3,18.2,79.3,46.8,68.0,7.7,2.83,23.8
104471,2025,Jornada 2,MAN,4396,HOME,COV,4401,1,83,68,15,92,22,46,47.8,8,24,33.3,15,19,78.9,30,70,42.9,10,26,36,19,2,10,7,20,20,80.4,78.4,103.2,84.6,18.7,1.06,1.19,53.0,48.6,34.3,27.1,24.4,63.4,43.9,63.3,11.3,1.9,24.2
104471,2025,Jornada 2,COV,4401,AWAY,MAN,4396,0,68,83,-15,54,19,52,36.5,6,25,24.0,12,17,70.6,25,77,32.5,15,31,46,10,6,13,1,20,20,80.4,82.5,84.6,103.2,-18.7,0.82,0.88,40.2,36.4,32.5,22.1,36.6,75.6,56.1,40.0,13.3,0.77,12.1
104472,2025,Jornada 2,JOV,4394,HOME,CAZ,4392,1,89,86,3,91,29,48,60.4,7,24,29.2,10,16,62.5,36,72,50.0,11,23,34,18,5,7,4,25,18,75.9,75.0,117.3,113.3,4.0,1.19,1.24,56.3,54.9,33.3,22.2,31.4,63.9,47.9,50.0,8.1,2.57,24.0
104472,2025,Jornada 2,CAZ,4392,AWAY,JOV,4394,0,86,89,-3,97,18,41,43.9,9,28,32.1,23,29,79.3,27,69,39.1,13,24,37,19,4,8,4,18,24,75.9,76.8,113.3,117.3,-4.0,1.12,1.25,52.6,45.7,40.6,42.0,36.1,68.6,52.1,70.4,8.9,2.38,24.8
104473,2025,Jornada 2,BAR,4386,HOME,LLE,4387,0,86,91,-5,87,21,42,50.0,8,25,32.0,20,28,71.4,29,67,43.3,9,23,32,16,9,12,4,23,26,80.7,82.3,106.6,112.8,-6.2,1.04,1.28,54.2,49.3,37.3,41.8,24.3,76.7,47.8,55.2,13.1,1.33,19.4
104473,2025,Jornada 2,LLE,4387,AWAY,BAR,4386,1,91,86,5,96,22,39,56.4,9,20,45.0,20,25,80.0,31,59,52.5,7,28,35,15,7,16,5,26,22,80.7,79.0,112.8,106.6,6.2,1.15,1.54,65.0,60.2,33.9,42.4,23.3,75.7,52.2,48.4,18.6,0.94,19.0
104474,2025,Jornada 2,BRE,4395,HOME,VBC,4397,0,90,113,-23,79,13,37,35.1,15,33,45.5,19,27,70.4,28,70,40.0,13,16,29,17,5,15,3,21,26,81.5,83.9,110.4,138.7,-28.2,1.07,1.29,55.0,50.7,47.1,38.6,38.2,48.5,43.3,60.7,15.5,1.13,20.3
104474,2025,Jornada 2,VBC,4397,AWAY,BRE,4395,1,113,90,23,131,19,33,57.6,19,39,48.7,18,23,78.3,38,72,52.8,17,21,38,28,8,14,5,26,21,81.5,79.1,138.7,110.4,28.2,1.43,1.57,68.8,66.0,54.2,31.9,51.5,61.8,56.7,73.7,14.6,2.0,35.4
104475,2025,Jornada 2,SBB,4389,HOME,BUR,4402,1,95,85,10,94,23,37,62.2,6,29,20.7,31,44,70.5,29,66,43.9,10,28,38,18,5,14,2,27,28,89.5,89.4,106.1,95.0,11.2,1.06,1.44,55.6,48.5,43.9,66.7,31.2,71.8,53.5,62.1,14.1,1.29,20.1
104475,2025,Jornada 2,BUR,4402,AWAY,SBB,4389,0,85,95,-10,73,21,45,46.7,6,29,20.7,25,31,80.6,27,74,36.5,11,22,33,18,8,13,1,30,26,89.5,89.6,95.0,106.1,-11.2,0.95,1.15,48.5,40.5,39.2,41.9,28.2,68.8,46.5,66.7,12.9,1.38,20.1
104476,2025,Jornada 2,BKN,4398,HOME,RMB,4388,1,105,100,5,116,23,34,67.6,9,25,36.0,32,34,94.1,32,59,54.2,5,19,24,19,11,12,0,24,24,81.6,81.0,128.6,122.5,6.1,1.3,1.78,71.0,61.9,42.4,57.6,21.7,65.5,46.2,59.4,14.0,1.58,23.5
104476,2025,Jornada 2,RMB,4388,AWAY,BKN,4398,0,100,105,-5,105,22,37,59.5,10,29,34.5,26,28,92.9,32,66,48.5,10,18,28,19,9,14,2,25,22,81.6,82.3,122.5,128.6,-6.1,1.21,1.52,63.8,56.1,43.9,42.4,34.5,78.3,53.8,59.4,15.2,1.36,23.1
104480,2025,Jornada 3,MBA,4385,HOME,GIR,4399,1,115,113,2,129,11,32,34.4,19,42,45.2,36,44,81.8,30,74,40.5,13,27,40,25,14,16,1,31,35,99.5,96.4,115.5,113.5,2.0,1.19,1.55,61.6,53.4,56.8,59.5,29.5,69.2,48.2,83.3,14.6,1.56,25.9
104480,2025,Jornada 3,GIR,4399,AWAY,MBA,4385,0,113,115,-2,112,27,40,67.5,12,39,30.8,23,38,60.5,39,79,49.4,12,31,43,28,5,19,2,35,31,99.5,102.7,113.5,115.5,-2.0,1.1,1.43,59.0,57.0,49.4,48.1,30.8,70.5,51.8,71.8,16.6,1.47,27.3
104481,2025,Jornada 3,JOV,4394,HOME,SBB,4389,1,101,69,32,123,24,42,57.1,12,25,48.0,17,23,73.9,36,67,53.7,8,25,33,30,6,8,3,22,19,76.6,77.1,131.9,90.1,41.8,1.31,1.51,65.5,62.7,37.3,34.3,26.7,78.1,53.2,83.3,9.4,3.75,38.9
104481,2025,Jornada 3,SBB,4389,AWAY,JOV,4394,0,69,101,-32,62,12,32,37.5,8,25,32.0,21,32,65.6,20,57,35.1,7,22,29,18,5,12,2,21,22,76.6,76.1,90.1,131.9,-41.8,0.91,1.21,48.5,42.1,43.9,56.1,21.9,73.3,46.8,90.0,14.4,1.5,23.7
104482,2025,Jornada 3,RMB,4388,HOME,BUR,4402,1,90,80,10,103,21,35,60.0,8,30,26.7,24,26,92.3,29,65,44.6,12,21,33,17,10,15,3,19,23,79.6,79.4,113.0,100.5,12.6,1.13,1.38,58.9,50.8,46.2,40.0,33.3,65.6,48.5,58.6,16.4,1.13,21.4
104482,2025,Jornada 3,BUR,4402,AWAY,RMB,4388,0,80,90,-10,81,25,43,58.1,5,20,25.0,15,20,75.0,30,63,47.6,11,24,35,18,11,19,1,23,19,79.6,79.8,100.5,113.0,-12.6,1.0,1.27,55.7,51.6,31.7,31.7,34.4,66.7,51.5,60.0,20.9,0.95,22.6
104483,2025,Jornada 3,LLE,4387,HOME,VBC,4397,0,78,99,-21,56,21,42,50.0,7,24,29.2,15,23,65.2,28,66,42.4,11,17,28,13,7,16,0,28,20,81.0,81.1,96.3,122.3,-25.9,0.96,1.18,51.2,47.7,36.4,34.8,30.6,56.7,42.4,46.4,17.4,0.81,16.0
104483,2025,Jornada 3,VBC,4397,AWAY,LLE,4387,1,99,78,21,113,18,31,58.1,12,32,37.5,27,36,75.0,30,63,47.6,13,25,38,17,8,15,0,20,28,81.0,80.8,122.3,96.3,25.9,1.22,1.57,62.8,57.1,50.8,57.1,43.3,69.4,57.6,56.7,16.0,1.13,21.0
104484,2025,Jornada 3,COV,4401,HOME,BKN,4398,0,80,83,-3,80,18,34,52.9,7,23,30.4,23,27,85.2,25,57,43.9,8,17,25,12,5,8,3,18,21,70.7,68.9,113.1,117.3,-4.2,1.16,1.4,58.1,50.0,40.4,47.4,25.8,73.9,46.3,48.0,10.4,1.5,17.4
104484,2025,Jornada 3,BKN,4398,AWAY,COV,4401,1,83,80,3,84,22,37,59.5,10,25,40.0,9,15,60.0,32,62,51.6,6,23,29,16,3,10,5,21,18,70.7,72.6,117.3,113.1,4.2,1.14,1.34,60.5,59.7,40.3,24.2,26.1,74.2,53.7,50.0,12.7,1.6,22.0
104485,2025,Jornada 3,UNI,4384,HOME,BAR,4386,0,77,83,-6,69,23,40,57.5,5,33,15.2,16,20,80.0,28,73,38.4,15,23,38,11,11,10,1,28,20,76.7,76.8,100.4,108.3,-7.8,1.0,1.05,47.1,41.8,45.2,27.4,34.9,76.7,52.1,39.3,10.9,1.1,14.3
104485,2025,Jornada 3,BAR,4386,AWAY,UNI,4384,1,83,77,6,95,18,34,52.9,7,21,33.3,26,33,78.8,25,55,45.5,7,28,35,12,8,14,2,21,28,76.7,76.5,108.3,100.4,7.8,1.08,1.51,59.7,51.8,38.2,60.0,23.3,65.1,47.9,48.0,16.8,0.86,15.7
104477,2025,Jornada 3,MAN,4396,HOME,GCA,4390,0,80,87,-7,69,14,30,46.7,12,30,40.0,16,19,84.2,26,60,43.3,5,22,27,14,4,14,1,21,20,76.0,77.4,105.2,114.4,-9.2,1.03,1.33,58.5,53.3,50.0,31.7,17.9,81.5,49.1,53.8,17.0,1.0,18.1
104477,2025,Jornada 3,GCA,4390,AWAY,MAN,4396,1,87,80,7,97,19,32,59.4,12,26,46.2,13,22,59.1,31,58,53.4,5,23,28,16,8,12,6,20,21,76.0,74.7,114.4,105.2,9.2,1.16,1.5,64.3,63.8,44.8,37.9,18.5,82.1,50.9,51.6,15.1,1.33,21.4
104478,2025,Jornada 3,TEN,4391,HOME,UCM,4393,1,96,80,16,119,27,43,62.8,9,16,56.2,15,17,88.2,36,59,61.0,7,23,30,19,5,10,1,19,22,69.6,69.5,137.9,114.9,23.0,1.38,1.63,72.2,68.6,27.1,28.8,31.8,71.9,55.6,52.8,13.1,1.9,27.3
104478,2025,Jornada 3,UCM,4393,AWAY,TEN,4391,0,80,96,-16,73,26,39,66.7,4,22,18.2,16,20,80.0,30,61,49.2,9,15,24,9,8,9,0,22,19,69.6,69.8,114.9,137.9,-23.0,1.15,1.31,57.3,52.5,36.1,32.8,28.1,68.2,44.4,30.0,11.4,1.0,12.9
104479,2025,Jornada 3,CAZ,4392,HOME,BRE,4395,0,84,88,-4,91,23,38,60.5,5,25,20.0,23,33,69.7,28,63,44.4,10,25,35,16,13,21,5,20,27,86.6,88.5,97.0,101.6,-4.6,0.95,1.33,54.2,48.4,39.7,52.4,27.8,75.8,50.7,57.1,21.3,0.76,18.1
104479,2025,Jornada 3,BRE,4395,AWAY,CAZ,4392,1,88,84,4,88,23,40,57.5,9,26,34.6,15,22,68.2,32,66,48.5,8,26,34,19,14,17,3,27,20,86.6,84.7,101.6,97.0,4.6,1.04,1.33,58.1,55.3,39.4,33.3,24.2,72.2,49.3,59.4,18.3,1.12,22.4
104486,2025,Jornada 4,LLE,4387,HOME,COV,4401,1,99,90,9,114,17,34,50.0,12,26,46.2,29,36,80.6,29,60,48.3,8,27,35,19,5,8,4,28,29,76.9,75.8,128.7,117.0,11.7,1.31,1.65,65.3,58.3,43.3,60.0,25.8,67.5,49.3,65.5,9.5,2.38,25.1
104486,2025,Jornada 4,COV,4401,AWAY,LLE,4387,0,90,99,-9,88,14,36,38.9,10,29,34.5,32,41,78.0,24,65,36.9,13,23,36,15,7,8,3,29,28,76.9,78.0,117.0,128.7,-11.7,1.15,1.38,54.2,44.6,44.6,63.1,32.5,74.2,50.7,62.5,8.8,1.88,19.2
104487,2025,Jornada 4,BAR,4386,HOME,BRE,4395,1,100,85,15,109,24,32,75.0,13,31,41.9,13,19,68.4,37,63,58.7,11,20,31,17,4,14,5,22,20,74.4,74.4,134.5,114.3,20.2,1.34,1.59,70.1,69.0,49.2,30.2,44.0,69.0,57.4,45.9,16.4,1.21,22.9
104487,2025,Jornada 4,BRE,4395,AWAY,BAR,4386,0,85,100,-15,78,20,33,60.6,10,32,31.2,15,19,78.9,30,65,46.2,9,14,23,14,8,10,0,20,21,74.4,74.4,114.3,134.5,-20.2,1.14,1.31,57.9,53.8,49.2,29.2,31.0,56.0,42.6,46.7,12.0,1.4,18.8
104488,2025,Jornada 4,TEN,4391,HOME,UNI,4384,1,95,79,16,111,16,30,53.3,14,28,50.0,21,25,84.0,30,58,51.7,5,20,25,24,4,5,0,22,24,67.8,69.0,140.2,116.6,23.6,1.38,1.64,68.8,63.8,48.3,43.1,20.8,57.1,42.4,80.0,6.8,4.8,34.8
104488,2025,Jornada 4,UNI,4384,AWAY,TEN,4391,0,79,95,-16,84,19,40,47.5,8,21,38.1,17,24,70.8,27,61,44.3,15,19,34,18,4,10,2,24,22,67.8,66.6,116.6,140.2,-23.6,1.19,1.3,55.2,50.8,34.4,39.3,42.9,79.2,57.6,66.7,12.3,1.8,27.0
104489,2025,Jornada 4,BUR,4402,HOME,CAZ,4392,0,89,102,-13,75,22,41,53.7,8,30,26.7,21,34,61.8,30,71,42.3,10,17,27,15,10,13,4,26,25,88.2,89.0,100.9,115.6,-14.7,1.0,1.25,51.8,47.9,42.3,47.9,25.0,56.7,38.6,50.0,13.1,1.15,16.9
104489,2025,Jornada 4,CAZ,4392,AWAY,BUR,4402,1,102,89,13,110,22,39,56.4,10,26,38.5,28,33,84.8,32,65,49.2,13,30,43,20,7,21,2,27,26,88.2,87.5,115.6,100.9,14.7,1.17,1.57,64.1,56.9,40.0,50.8,43.3,75.0,61.4,62.5,20.9,0.95,22.9
104490,2025,Jornada 4,GIR,4399,HOME,GCA,4390,1,85,81,4,90,16,32,50.0,12,30,40.0,17,27,63.0,28,62,45.2,10,30,40,14,6,12,4,22,23,78.3,75.9,108.6,103.5,5.1,1.12,1.37,57.5,54.8,48.4,43.5,27.8,81.1,54.8,50.0,14.0,1.17,18.5
104490,2025,Jornada 4,GCA,4390,AWAY,GIR,4399,0,81,85,-4,81,18,38,47.4,9,29,31.0,18,22,81.8,27,67,40.3,7,26,33,16,6,11,5,23,22,78.3,80.7,103.5,108.6,-5.1,1.0,1.21,52.8,47.0,43.3,32.8,18.9,72.2,45.2,59.3,12.5,1.45,19.8
104491,2025,Jornada 4,UCM,4393,HOME,BKN,4398,1,89,84,5,96,26,44,59.1,8,24,33.3,13,20,65.0,34,68,50.0,9,29,38,14,5,13,4,19,21,80.9,80.8,110.0,103.8,6.2,1.1,1.31,57.9,55.9,35.3,29.4,25.7,74.4,51.4,41.2,14.5,1.08,17.3
104491,2025,Jornada 4,BKN,4398,AWAY,UCM,4393,0,84,89,-5,82,29,53,54.7,5,20,25.0,11,16,68.8,34,73,46.6,10,26,36,10,10,11,2,21,19,80.9,81.0,103.8,110.0,-6.2,1.04,1.15,52.5,50.0,27.4,21.9,25.6,74.3,48.6,29.4,12.1,0.91,12.3
104492,2025,Jornada 4,SBB,4389,HOME,MBA,4385,1,81,71,10,83,17,31,54.8,10,31,32.3,17,22,77.3,27,62,43.5,13,20,33,14,7,12,1,19,21,70.7,70.7,114.5,100.4,14.1,1.15,1.31,56.5,51.6,50.0,35.5,43.3,71.4,56.9,51.9,14.3,1.17,19.8
104492,2025,Jornada 4,MBA,4385,AWAY,SBB,4389,0,71,81,-10,72,17,33,51.5,7,24,29.2,16,20,80.0,24,57,42.1,8,17,25,17,9,13,3,21,19,70.7,70.8,100.4,114.5,-14.1,1.0,1.25,54.0,48.2,42.1,35.1,28.6,56.7,43.1,70.8,16.5,1.31,24.0
104493,2025,Jornada 4,VBC,4397,HOME,JOV,4394,1,102,90,12,132,21,26,80.8,12,32,37.5,24,27,88.9,33,58,56.9,7,25,32,22,7,12,6,20,23,77.4,74.9,131.8,116.3,15.5,1.36,1.76,73.0,67.2,55.2,46.6,30.4,78.1,58.2,66.7,14.7,1.83,29.4
104493,2025,Jornada 4,JOV,4394,AWAY,VBC,4397,0,90,102,-12,80,18,38,47.4,13,29,44.8,15,18,83.3,31,67,46.3,7,16,23,19,8,12,0,23,20,77.4,79.9,116.3,131.8,-15.5,1.13,1.34,60.1,56.0,43.3,26.9,21.9,69.6,41.8,61.3,13.8,1.58,23.8
104494,2025,Jornada 4,RMB,4388,HOME,MAN,4396,1,87,75,12,97,21,42,50.0,6,20,30.0,27,31,87.1,27,62,43.5,16,26,42,11,7,22,8,23,28,83.4,81.6,104.3,89.9,14.4,1.07,1.4,57.5,48.4,32.3,50.0,47.1,70.3,59.2,40.7,22.5,0.5,13.5
104494,2025,Jornada 4,MAN,4396,AWAY,RMB,4388,0,75,87,-12,52,26,57,45.6,4,18,22.2,11,14,78.6,30,75,40.0,11,18,29,12,8,15,4,28,23,83.4,85.2,89.9,104.3,-14.4,0.88,1.0,46.2,42.7,24.0,18.7,29.7,52.9,40.8,40.0,15.6,0.8,14.1
104495,2025,Jornada 5,MAN,4396,HOME,SBB,4389,1,79,77,2,89,24,41,58.5,5,14,35.7,16,27,59.3,29,55,52.7,6,33,39,19,4,19,6,25,25,80.2,79.9,98.5,96.0,2.5,0.99,1.44,59.1,57.3,25.5,49.1,21.4,71.7,52.7,65.5,22.1,1.0,23.8
104495,2025,Jornada 5,SBB,4389,AWAY,MAN,4396,0,77,79,-2,68,18,40,45.0,8,33,24.2,17,24,70.8,26,73,35.6,13,22,35,14,10,10,2,25,25,80.2,80.6,96.0,98.5,-2.5,0.96,1.05,46.1,41.1,45.2,32.9,28.3,78.6,47.3,53.8,10.7,1.4,17.4
104496,2025,Jornada 5,UNI,4384,HOME,GIR,4399,1,95,71,24,111,20,37,54.1,12,28,42.9,19,27,70.4,32,65,49.2,10,31,41,21,6,17,4,20,23,81.8,83.9,116.2,86.8,29.3,1.13,1.46,61.8,58.5,43.1,41.5,32.3,79.5,58.6,65.6,18.1,1.24,25.0
104496,2025,Jornada 5,GIR,4399,AWAY,UNI,4384,0,71,95,-24,58,10,27,37.0,11,38,28.9,18,22,81.8,21,65,32.3,8,21,29,14,11,13,1,23,20,81.8,79.7,86.8,116.2,-29.3,0.89,1.09,47.5,40.8,58.5,33.8,20.5,67.7,41.4,66.7,14.8,1.08,17.6
104497,2025,Jornada 5,GCA,4390,HOME,MBA,4385,1,102,85,17,114,26,45,57.8,12,31,38.7,14,21,66.7,38,76,50.0,12,15,27,25,9,5,3,21,20,73.3,78.2,139.1,115.9,23.2,1.3,1.34,59.8,57.9,40.8,27.6,32.4,60.0,43.5,65.8,5.5,5.0,32.0
104497,2025,Jornada 5,MBA,4385,AWAY,GCA,4390,0,85,102,-17,92,13,23,56.5,13,26,50.0,20,26,76.9,26,49,53.1,10,25,35,16,2,18,1,20,22,73.3,68.4,115.9,139.1,-23.2,1.24,1.73,70.3,66.3,53.1,53.1,40.0,67.6,56.5,61.5,22.9,0.89,23.4
104498,2025,Jornada 5,BRE,4395,HOME,COV,4401,1,95,74,21,99,18,34,52.9,15,39,38.5,14,22,63.6,33,73,45.2,11,23,34,16,11,9,4,26,25,79.4,80.7,119.6,93.2,26.4,1.18,1.3,57.5,55.5,53.4,30.1,30.6,71.9,50.0,48.5,9.8,1.78,19.8
104498,2025,Jornada 5,COV,4401,AWAY,BRE,4395,0,74,95,-21,70,14,33,42.4,8,21,38.1,22,30,73.3,22,54,40.7,9,25,34,15,6,20,4,25,26,79.4,78.2,93.2,119.6,-26.4,0.95,1.37,55.1,48.1,38.9,55.6,28.1,69.4,50.0,68.2,22.9,0.75,19.2
104499,2025,Jornada 5,JOV,4394,HOME,LLE,4387,1,82,68,14,81,14,34,41.2,12,29,41.4,18,23,78.3,26,63,41.3,6,28,34,12,6,12,2,21,22,78.4,79.1,104.6,86.7,17.9,1.04,1.3,56.1,50.8,46.0,36.5,19.4,71.8,48.6,46.2,14.1,1.0,15.2
104499,2025,Jornada 5,LLE,4387,AWAY,JOV,4394,0,68,82,-14,62,17,37,45.9,6,29,20.7,16,22,72.7,23,66,34.8,11,25,36,11,9,13,3,22,21,78.4,77.7,86.7,104.6,-17.9,0.88,1.03,44.9,39.4,43.9,33.3,28.2,80.6,51.4,47.8,14.7,0.85,14.2
104500,2025,Jornada 5,CAZ,4392,HOME,RMB,4388,0,83,95,-12,67,23,51,45.1,6,25,24.0,19,25,76.0,29,76,38.2,15,20,35,10,11,10,1,26,25,83.4,82.0,99.5,113.9,-14.4,1.01,1.09,47.7,42.1,32.9,32.9,31.2,69.0,45.5,34.5,10.3,1.0,12.2
104500,2025,Jornada 5,RMB,4388,AWAY,CAZ,4392,1,95,83,12,121,27,41,65.9,6,25,24.0,23,27,85.2,33,66,50.0,9,33,42,21,8,16,10,25,24,83.4,84.9,113.9,99.5,14.4,1.12,1.44,61.0,54.5,37.9,40.9,31.0,68.8,54.5,63.6,17.0,1.31,24.7
104501,2025,Jornada 5,BAR,4386,HOME,UCM,4393,0,78,81,-3,78,24,49,49.0,5,19,26.3,15,19,78.9,29,68,42.6,8,24,32,12,7,10,4,22,22,77.7,78.4,100.4,104.3,-3.9,1.0,1.15,51.1,46.3,27.9,27.9,21.6,68.6,44.4,41.4,11.6,1.2,15.3
104501,2025,Jornada 5,UCM,4393,AWAY,BAR,4386,1,81,78,3,89,18,31,58.1,9,30,30.0,18,25,72.0,27,61,44.3,11,29,40,23,6,16,2,22,20,77.7,77.0,104.3,100.4,3.9,1.05,1.33,56.2,51.6,49.2,41.0,31.4,78.4,55.6,85.2,18.2,1.44,29.9
104502,2025,Jornada 5,VBC,4397,HOME,BUR,4402,1,100,82,18,125,21,38,55.3,12,34,35.3,22,29,75.9,33,72,45.8,15,28,43,25,7,20,7,17,29,87.9,89.8,113.8,93.3,20.5,1.11,1.39,59.0,54.2,47.2,40.3,38.5,63.6,51.8,75.8,19.1,1.25,27.9
104502,2025,Jornada 5,BUR,4402,AWAY,VBC,4397,0,82,100,-18,72,23,49,46.9,10,31,32.3,6,9,66.7,33,80,41.2,16,24,40,21,13,18,3,29,17,87.9,86.0,93.3,113.8,-20.5,0.95,1.02,48.8,47.5,38.8,11.2,36.4,61.5,48.2,63.6,17.7,1.17,24.4
104503,2025,Jornada 5,BKN,4398,HOME,TEN,4391,1,89,79,10,93,26,42,61.9,7,23,30.4,16,24,66.7,33,65,50.8,13,25,38,23,6,17,8,30,19,78.4,79.6,113.5,100.8,12.8,1.12,1.37,58.9,56.2,35.4,36.9,44.8,71.4,59.4,69.7,18.4,1.35,28.9
104503,2025,Jornada 5,TEN,4391,AWAY,BKN,4398,0,79,89,-10,85,21,39,53.8,5,25,20.0,22,30,73.3,26,64,40.6,10,16,26,19,12,10,4,20,29,78.4,77.2,100.8,113.5,-12.8,1.02,1.23,51.2,44.5,39.1,46.9,28.6,55.2,40.6,73.1,11.5,1.9,24.6
104512,2025,Jornada 6,JOV,4394,HOME,RMB,4388,0,75,80,-5,72,22,41,53.7,5,23,21.7,16,21,76.2,27,64,42.2,7,23,30,15,10,13,3,23,20,80.3,79.2,93.4,99.7,-6.2,0.95,1.17,51.2,46.1,35.9,32.8,20.6,67.6,44.1,55.6,15.1,1.15,18.9
104512,2025,Jornada 6,RMB,4388,AWAY,JOV,4394,1,80,75,5,86,19,36,52.8,7,29,24.1,21,28,75.0,26,65,40.0,11,27,38,16,10,15,3,20,23,80.3,81.3,99.7,93.4,6.2,0.98,1.23,51.7,45.4,44.6,43.1,32.4,79.4,55.9,61.5,16.2,1.07,19.7
104504,2025,Jornada 6,UCM,4393,HOME,MAN,4396,1,84,65,19,80,28,49,57.1,5,22,22.7,13,20,65.0,33,71,46.5,12,24,36,13,9,12,2,25,21,78.7,79.8,106.8,82.6,24.1,1.05,1.18,52.6,50.0,31.0,28.2,35.3,80.0,56.2,39.4,13.1,1.08,16.3
104504,2025,Jornada 6,MAN,4396,AWAY,UCM,4393,0,65,84,-19,56,20,40,50.0,5,19,26.3,10,24,41.7,25,59,42.4,6,22,28,15,5,14,3,21,25,78.7,77.6,82.6,106.8,-24.1,0.84,1.1,46.7,46.6,32.2,40.7,20.0,64.7,43.8,60.0,16.8,1.07,19.3
104505,2025,Jornada 6,BRE,4395,HOME,GCA,4390,0,81,92,-11,95,18,34,52.9,7,24,29.2,24,31,77.4,25,58,43.1,15,22,37,18,6,12,6,20,23,71.3,68.6,113.6,129.1,-15.4,1.18,1.4,56.5,49.1,41.4,53.4,42.9,64.7,53.6,72.0,14.3,1.5,26.2
104505,2025,Jornada 6,GCA,4390,AWAY,BRE,4395,1,92,81,11,99,18,31,58.1,14,39,35.9,14,18,77.8,32,70,45.7,12,20,32,22,8,8,4,23,20,71.3,73.9,129.1,113.6,15.4,1.24,1.31,59.0,55.7,55.7,25.7,35.3,57.1,46.4,68.8,9.3,2.75,29.8
104506,2025,Jornada 6,TEN,4391,HOME,BUR,4402,1,101,97,4,124,25,35,71.4,7,19,36.8,30,36,83.3,32,54,59.3,4,21,25,22,5,10,0,22,32,77.8,75.8,129.8,124.7,5.1,1.33,1.87,72.3,65.7,35.2,66.7,17.4,67.7,46.3,68.8,12.5,2.2,29.0
104506,2025,Jornada 6,BUR,4402,AWAY,TEN,4391,0,97,101,-4,87,26,45,57.8,7,24,29.2,24,29,82.8,33,69,47.8,10,19,29,12,8,8,1,33,22,77.8,79.8,124.7,129.8,-5.1,1.22,1.41,59.3,52.9,34.8,42.0,32.3,82.6,53.7,36.4,8.9,1.5,15.0
104507,2025,Jornada 6,MBA,4385,HOME,UNI,4384,1,98,74,24,117,21,32,65.6,11,24,45.8,23,33,69.7,32,56,57.1,9,27,36,21,3,11,3,23,26,71.1,72.5,137.8,104.1,33.8,1.35,1.75,69.5,67.0,42.9,58.9,37.5,81.8,63.2,65.6,13.5,1.91,29.0
104507,2025,Jornada 6,UNI,4384,AWAY,MBA,4385,0,74,98,-24,65,20,35,57.1,7,24,29.2,13,22,59.1,27,59,45.8,6,15,21,15,7,7,2,26,23,71.1,69.7,104.1,137.8,-33.8,1.06,1.25,53.9,51.7,40.7,37.3,18.2,62.5,36.8,55.6,9.2,2.14,21.5
104508,2025,Jornada 6,LLE,4387,HOME,BKN,4398,1,86,80,6,103,21,35,60.0,8,21,38.1,20,27,74.1,29,56,51.8,7,25,32,14,5,10,5,20,26,73.4,70.9,117.2,109.0,8.2,1.21,1.54,63.3,58.9,37.5,48.2,25.9,61.0,47.1,48.3,12.8,1.4,19.8
104508,2025,Jornada 6,BKN,4398,AWAY,LLE,4387,0,80,86,-6,68,11,36,30.6,15,38,39.5,13,18,72.2,26,74,35.1,16,20,36,20,5,10,1,26,20,73.4,75.9,109.0,117.2,-8.2,1.05,1.08,48.8,45.3,51.4,24.3,39.0,74.1,52.9,76.9,10.9,2.0,26.3
104509,2025,Jornada 6,GIR,4399,HOME,BAR,4386,1,96,78,18,100,16,23,69.6,15,41,36.6,19,21,90.5,31,64,48.4,10,25,35,15,4,9,1,25,19,71.4,72.2,134.5,109.2,25.2,1.33,1.5,65.5,60.2,64.1,32.8,33.3,83.3,58.3,48.4,10.9,1.67,20.8
104509,2025,Jornada 6,BAR,4386,AWAY,GIR,4399,0,78,96,-18,80,17,32,53.1,8,26,30.8,20,24,83.3,25,58,43.1,5,20,25,13,3,7,1,20,25,71.4,70.6,109.2,134.5,-25.2,1.11,1.34,56.9,50.0,44.8,41.4,16.7,66.7,41.7,52.0,9.3,1.86,18.4
104510,2025,Jornada 6,COV,4401,HOME,VBC,4397,1,85,79,6,97,16,28,57.1,13,25,52.0,14,24,58.3,29,53,54.7,3,29,32,19,5,13,2,23,24,74.6,73.6,114.0,106.0,8.0,1.16,1.6,66.9,67.0,47.2,45.3,12.0,64.4,45.7,65.5,17.0,1.46,25.8
104510,2025,Jornada 6,VBC,4397,AWAY,COV,4401,0,79,85,-6,78,15,37,40.5,12,36,33.3,13,24,54.2,27,73,37.0,16,22,38,19,10,8,0,24,23,74.6,75.6,106.0,114.0,-8.0,1.05,1.08,47.3,45.2,49.3,32.9,35.6,88.0,54.3,70.4,8.7,2.38,25.1
104511,2025,Jornada 6,SBB,4389,HOME,CAZ,4392,1,106,75,31,128,18,35,51.4,16,34,47.1,22,32,68.8,34,69,49.3,8,20,28,29,17,8,3,26,27,83.6,83.1,126.7,89.7,37.1,1.28,1.54,63.8,60.9,49.3,46.4,22.2,87.0,47.5,85.3,8.8,3.62,34.9
104511,2025,Jornada 6,CAZ,4392,AWAY,SBB,4389,0,75,106,-31,70,18,32,56.2,5,16,31.2,24,30,80.0,23,48,47.9,3,28,31,17,5,26,3,27,26,83.6,84.2,89.7,126.7,-37.1,0.89,1.56,61.3,53.1,33.3,62.5,13.0,77.8,52.5,73.9,29.8,0.65,20.2
104513,2025,Jornada 7,GIR,4399,HOME,COV,4401,1,82,76,6,93,21,33,63.6,7,30,23.3,19,20,95.0,28,63,44.4,12,22,34,15,6,15,5,20,24,74.0,74.8,110.8,102.7,8.1,1.1,1.3,57.1,50.0,47.6,31.7,40.0,78.6,58.6,53.6,17.3,1.0,20.1
104513,2025,Jornada 7,COV,4401,AWAY,GIR,4399,0,76,82,-6,65,17,33,51.5,11,25,44.0,9,14,64.3,28,58,48.3,6,18,24,15,7,15,2,24,20,74.0,73.2,102.7,110.8,-8.1,1.04,1.31,59.2,57.8,43.1,24.1,21.4,60.0,41.4,53.6,18.9,1.0,20.5
104514,2025,Jornada 7,CAZ,4392,HOME,UNI,4384,0,79,86,-7,81,20,30,66.7,4,22,18.2,27,32,84.4,24,52,46.2,8,19,27,11,7,15,3,26,29,76.2,73.1,103.7,112.9,-9.2,1.08,1.52,59.8,50.0,42.3,61.5,36.4,55.9,48.2,45.8,18.5,0.73,15.1
104514,2025,Jornada 7,UNI,4384,AWAY,CAZ,4392,1,86,79,7,73,13,32,40.6,15,38,39.5,15,21,71.4,28,70,40.0,15,14,29,19,8,15,1,30,25,76.2,79.2,112.9,103.7,9.2,1.09,1.23,54.3,50.7,54.3,30.0,44.1,63.6,51.8,67.9,15.9,1.27,24.0
104515,2025,Jornada 7,GCA,4390,HOME,JOV,4394,0,78,92,-14,64,17,37,45.9,9,28,32.1,17,24,70.8,26,65,40.0,10,16,26,9,7,10,3,23,24,73.8,75.6,105.6,124.6,-19.0,1.03,1.2,51.6,46.9,43.1,36.9,29.4,80.0,48.1,34.6,11.7,0.9,11.9
104515,2025,Jornada 7,JOV,4394,AWAY,GCA,4390,1,92,78,14,109,27,38,71.1,7,18,38.9,17,23,73.9,34,56,60.7,4,24,28,24,4,10,4,25,23,73.8,72.1,124.6,105.6,19.0,1.28,1.64,69.6,67.0,32.1,41.1,20.0,70.6,51.9,70.6,13.1,2.4,33.3
104516,2025,Jornada 7,BUR,4402,HOME,MBA,4385,0,86,93,-7,97,20,38,52.6,11,31,35.5,13,20,65.0,31,69,44.9,11,23,34,28,7,11,3,28,23,79.8,77.8,107.7,116.5,-8.8,1.11,1.25,55.3,52.9,44.9,29.0,29.7,65.7,47.2,90.3,12.4,2.55,36.0
104516,2025,Jornada 7,MBA,4385,AWAY,BUR,4402,1,93,86,7,96,18,33,54.5,9,31,29.0,30,36,83.3,27,64,42.2,12,26,38,12,7,14,1,23,28,79.8,81.8,116.5,107.7,8.8,1.14,1.45,58.2,49.2,48.4,56.2,34.3,70.3,52.8,44.4,14.9,0.86,14.7
104517,2025,Jornada 7,MAN,4396,HOME,LLE,4387,1,99,86,13,90,17,39,43.6,16,35,45.7,17,21,81.0,33,74,44.6,12,16,28,14,7,11,4,25,23,81.8,82.2,121.1,105.2,15.9,1.2,1.34,59.5,55.4,47.3,28.4,34.3,53.3,43.1,42.4,11.7,1.27,17.0
104517,2025,Jornada 7,LLE,4387,AWAY,MAN,4396,0,86,99,-13,89,27,46,58.7,3,16,18.8,23,28,82.1,30,62,48.4,14,23,37,15,9,21,4,24,24,81.8,81.3,105.2,121.1,-15.9,1.06,1.39,57.9,50.8,25.8,45.2,46.7,65.7,56.9,50.0,22.0,0.71,18.4
104518,2025,Jornada 7,VBC,4397,HOME,TEN,4391,1,96,79,17,117,30,38,78.9,8,25,32.0,12,13,92.3,38,63,60.3,6,23,29,20,3,9,5,18,19,71.5,71.7,134.2,110.4,23.8,1.34,1.52,69.8,66.7,39.7,20.6,27.3,74.2,54.7,52.6,11.6,2.22,27.9
104518,2025,Jornada 7,TEN,4391,AWAY,VBC,4397,0,79,96,-17,72,13,29,44.8,12,35,34.3,17,19,89.5,25,64,39.1,8,16,24,16,5,7,2,19,18,71.5,71.4,110.4,134.2,-23.8,1.11,1.23,54.6,48.4,54.7,29.7,25.8,72.7,45.3,64.0,8.8,2.29,22.4
104519,2025,Jornada 7,RMB,4388,HOME,SBB,4389,1,82,70,12,100,21,41,51.2,4,25,16.0,28,33,84.8,25,66,37.9,9,30,39,11,10,7,6,20,28,80.2,78.5,102.2,87.3,15.0,1.04,1.24,50.9,40.9,37.9,50.0,21.4,85.7,50.6,44.0,8.0,1.57,14.0
104519,2025,Jornada 7,SBB,4389,AWAY,RMB,4388,0,70,82,-12,56,17,40,42.5,8,21,38.1,12,18,66.7,25,61,41.0,5,33,38,15,2,18,4,28,20,80.2,81.9,87.3,102.2,-15.0,0.85,1.15,50.8,47.5,34.4,29.5,14.3,78.6,49.4,60.0,20.7,0.83,18.3
104520,2025,Jornada 7,UCM,4393,HOME,BRE,4395,0,83,96,-13,76,18,36,50.0,11,33,33.3,14,22,63.6,29,69,42.0,13,17,30,12,11,13,3,22,23,80.4,78.7,103.3,119.5,-16.2,1.05,1.2,52.7,50.0,47.8,31.9,32.5,53.1,41.7,41.4,14.2,0.92,15.3
104520,2025,Jornada 7,BRE,4395,AWAY,UCM,4393,1,96,83,13,104,27,47,57.4,9,27,33.3,15,16,93.8,36,74,48.6,15,27,42,15,8,16,3,23,21,80.4,82.0,119.5,103.3,16.2,1.17,1.3,59.2,54.7,36.5,21.6,46.9,67.5,58.3,41.7,16.5,0.94,18.3
104521,2025,Jornada 7,BAR,4386,HOME,BKN,4398,1,91,83,8,93,26,42,61.9,12,35,34.3,3,5,60.0,38,77,49.4,8,18,26,17,9,5,5,24,18,77.1,76.2,118.0,107.7,10.4,1.19,1.18,57.4,57.1,45.5,6.5,22.9,64.3,41.3,44.7,5.9,3.4,22.3
104521,2025,Jornada 7,BKN,4398,AWAY,BAR,4386,0,83,91,-8,89,19,37,51.4,8,24,33.3,21,25,84.0,27,61,44.3,10,27,37,17,2,16,3,18,24,77.1,78.0,107.7,118.0,-10.4,1.06,1.36,57.6,50.8,39.3,41.0,35.7,77.1,58.7,63.0,18.2,1.06,21.8
104522,2025,Jornada 8,LLE,4387,HOME,UCM,4393,0,71,107,-36,59,18,53,34.0,6,17,35.3,17,25,68.0,24,70,34.3,11,22,33,9,6,10,5,23,25,78.6,80.0,90.3,136.1,-45.8,0.89,1.01,43.8,38.6,24.3,35.7,24.4,68.8,42.9,37.5,11.0,0.9,11.2
104522,2025,Jornada 8,UCM,4393,AWAY,LLE,4387,1,107,71,36,122,14,27,51.9,22,41,53.7,13,21,61.9,36,68,52.9,10,34,44,22,4,10,3,25,22,78.6,77.2,136.1,90.3,45.8,1.39,1.57,69.3,69.1,60.3,30.9,31.2,75.6,57.1,61.1,11.5,2.2,28.5
104523,2025,Jornada 8,COV,4401,HOME,RMB,4388,0,100,111,-11,94,21,36,58.3,12,28,42.9,22,27,81.5,33,64,51.6,8,19,27,17,5,10,1,28,23,79.4,77.9,126.0,139.9,-13.9,1.28,1.56,65.9,60.9,43.8,42.2,27.6,73.1,49.1,51.5,11.6,1.7,21.8
104523,2025,Jornada 8,RMB,4388,AWAY,COV,4401,1,111,100,11,126,29,44,65.9,8,20,40.0,29,36,80.6,37,64,57.8,7,21,28,16,5,8,6,25,28,79.4,80.8,139.9,126.0,13.9,1.37,1.73,69.5,64.1,31.2,56.2,26.9,72.4,50.9,43.2,9.1,2.0,19.8
104524,2025,Jornada 8,UNI,4384,HOME,MAN,4396,1,105,82,23,129,28,39,71.8,11,27,40.7,16,26,61.5,39,66,59.1,8,28,36,25,11,16,5,26,26,85.8,85.4,122.4,95.6,26.8,1.23,1.59,67.8,67.4,40.9,39.4,25.8,82.4,55.4,64.1,17.1,1.56,29.3
104524,2025,Jornada 8,MAN,4396,AWAY,UNI,4384,0,82,105,-23,74,15,35,42.9,8,27,29.6,28,32,87.5,23,62,37.1,6,23,29,18,8,16,1,26,26,85.8,86.1,95.6,122.4,-26.8,0.95,1.32,53.9,43.5,43.5,51.6,17.6,74.2,44.6,78.3,17.4,1.12,20.9
104525,2025,Jornada 8,BRE,4395,HOME,BUR,4402,1,105,78,27,119,21,38,55.3,14,28,50.0,21,26,80.8,35,66,53.0,9,22,31,21,11,15,2,24,26,83.0,83.4,126.5,94.0,32.5,1.26,1.59,67.8,63.6,42.4,39.4,32.1,61.1,48.4,60.0,16.2,1.4,25.2
104525,2025,Jornada 8,BUR,4402,AWAY,BRE,4395,0,78,105,-27,67,21,42,50.0,6,22,27.3,18,24,75.0,27,64,42.2,14,19,33,13,8,22,4,26,24,83.0,82.6,94.0,126.5,-32.5,0.94,1.22,52.3,46.9,34.4,37.5,38.9,67.9,51.6,48.1,22.8,0.59,15.7
104526,2025,Jornada 8,MBA,4385,HOME,JOV,4394,0,76,83,-7,78,18,35,51.4,8,26,30.8,16,21,76.2,26,61,42.6,7,21,28,13,10,10,1,18,19,73.0,73.2,104.2,113.8,-9.6,1.04,1.25,54.1,49.2,42.6,34.4,22.6,63.6,43.8,50.0,12.5,1.3,17.7
104526,2025,Jornada 8,JOV,4394,AWAY,MBA,4385,1,83,76,7,90,21,36,58.3,8,26,30.8,17,22,77.3,29,62,46.8,12,24,36,17,6,13,1,19,18,73.0,72.7,113.8,104.2,9.6,1.14,1.34,57.9,53.2,41.9,35.5,36.4,77.4,56.2,58.6,15.4,1.31,23.4
104527,2025,Jornada 8,BKN,4398,HOME,SBB,4389,1,110,91,19,126,19,30,63.3,15,35,42.9,27,32,84.4,34,65,52.3,7,21,28,24,11,14,2,24,27,85.0,86.1,129.4,107.1,22.4,1.28,1.69,69.5,63.8,53.8,49.2,26.9,84.0,54.9,70.6,15.0,1.71,27.9
104527,2025,Jornada 8,SBB,4389,AWAY,BKN,4398,0,91,110,-19,81,19,30,63.3,10,22,45.5,23,27,85.2,29,52,55.8,4,19,23,15,10,24,2,28,21,85.0,83.9,107.1,129.4,-22.4,1.08,1.75,71.2,65.4,42.3,51.9,16.0,73.1,45.1,51.7,27.3,0.62,17.9
104528,2025,Jornada 8,VBC,4397,HOME,GIR,4399,1,98,72,26,115,18,30,60.0,16,38,42.1,14,29,48.3,34,68,50.0,10,30,40,25,5,14,3,16,24,84.2,84.8,116.3,85.5,30.9,1.16,1.44,60.7,61.8,55.9,42.6,26.3,69.8,49.4,73.5,14.8,1.79,29.5
104528,2025,Jornada 8,GIR,4399,AWAY,VBC,4397,0,72,98,-26,59,19,41,46.3,7,34,20.6,13,13,100.0,26,75,34.7,13,28,41,15,7,16,1,24,15,84.2,83.7,85.5,116.3,-30.9,0.86,0.96,44.6,39.3,45.3,17.3,30.2,73.7,50.6,57.7,16.5,0.94,17.9
104529,2025,Jornada 8,CAZ,4392,HOME,TEN,4391,0,76,84,-8,80,19,48,39.6,6,21,28.6,20,27,74.1,25,69,36.2,19,24,43,17,11,15,4,22,22,77.1,76.9,98.6,109.0,-10.4,0.99,1.1,47.0,40.6,30.4,39.1,46.3,85.7,62.3,68.0,15.6,1.13,22.1
104529,2025,Jornada 8,TEN,4391,AWAY,CAZ,4392,1,84,76,8,91,18,37,48.6,10,23,43.5,18,21,85.7,28,60,46.7,4,22,26,17,9,12,6,22,21,77.1,77.2,109.0,98.6,10.4,1.09,1.4,60.7,55.0,38.3,35.0,14.3,53.7,37.7,60.7,14.8,1.42,22.0
104530,2025,Jornada 8,GCA,4390,HOME,BAR,4386,0,61,72,-11,63,16,40,40.0,5,22,22.7,14,21,66.7,21,62,33.9,13,21,34,15,4,9,3,22,26,67.3,67.2,90.6,107.0,-16.3,0.91,0.98,42.8,37.9,35.5,33.9,33.3,77.8,51.5,71.4,11.2,1.67,22.3
104530,2025,Jornada 8,BAR,4386,AWAY,GCA,4390,1,72,61,11,76,17,35,48.6,8,19,42.1,14,19,73.7,25,54,46.3,6,26,32,14,7,11,2,26,22,67.3,67.4,107.0,90.6,16.3,1.07,1.33,57.7,53.7,35.2,35.2,22.2,66.7,48.5,56.0,15.0,1.27,20.8
104531,2025,Jornada 9,BUR,4402,HOME,UCM,4393,0,88,110,-22,86,22,48,45.8,6,12,50.0,26,35,74.3,28,60,46.7,5,22,27,17,7,11,1,26,25,82.0,81.4,107.4,134.2,-26.8,1.08,1.47,58.4,51.7,20.0,58.3,14.7,71.0,41.5,60.7,12.7,1.55,20.9
104531,2025,Jornada 9,UCM,4393,AWAY,BUR,4402,1,110,88,22,128,25,38,65.8,13,27,48.1,21,33,63.6,38,65,58.5,9,29,38,25,5,12,1,25,26,82.0,82.5,134.2,107.4,26.8,1.33,1.69,69.2,68.5,41.5,50.8,29.0,85.3,58.5,65.8,13.1,2.08,30.3
104532,2025,Jornada 9,LLE,4387,HOME,UNI,4384,0,88,89,-1,92,22,38,57.9,7,22,31.8,23,30,76.7,29,60,48.3,9,25,34,16,6,15,4,27,25,81.1,79.2,108.5,109.7,-1.2,1.11,1.47,60.1,54.2,36.7,50.0,30.0,75.8,54.0,55.2,17.0,1.07,20.2
104532,2025,Jornada 9,UNI,4384,AWAY,LLE,4387,1,89,88,1,89,16,36,44.4,11,30,36.7,24,32,75.0,27,66,40.9,8,21,29,20,9,11,2,26,27,81.1,83.1,109.7,108.5,1.2,1.07,1.35,55.6,49.2,45.5,48.5,24.2,70.0,46.0,74.1,12.1,1.82,24.1
104533,2025,Jornada 9,COV,4401,HOME,CAZ,4392,0,83,92,-9,83,23,36,63.9,5,26,19.2,22,29,75.9,28,62,45.2,5,21,26,19,10,11,3,29,27,81.4,80.8,102.0,113.1,-11.1,1.03,1.34,55.5,49.2,41.9,46.8,15.6,70.0,41.9,67.9,12.8,1.73,23.5
104533,2025,Jornada 9,CAZ,4392,AWAY,COV,4401,1,92,83,9,103,24,36,66.7,7,23,30.4,23,34,67.6,31,59,52.5,9,27,36,20,8,17,4,27,29,81.4,82.0,113.1,102.0,11.1,1.12,1.56,62.2,58.5,39.0,57.6,30.0,84.4,58.1,64.5,18.7,1.18,24.4
104534,2025,Jornada 9,GIR,4399,HOME,BRE,4395,1,103,80,23,121,20,32,62.5,16,32,50.0,15,21,71.4,36,64,56.2,7,27,34,22,8,15,2,23,25,78.8,81.2,130.7,101.5,29.2,1.27,1.61,70.3,68.8,50.0,32.8,29.2,73.0,55.7,61.1,17.0,1.47,27.1
104534,2025,Jornada 9,BRE,4395,AWAY,GIR,4399,0,80,103,-23,74,14,31,45.2,9,32,28.1,25,28,89.3,23,63,36.5,10,17,27,14,8,11,2,25,23,78.8,76.3,101.5,130.7,-29.2,1.05,1.27,53.1,43.7,50.8,44.4,27.0,70.8,44.3,60.9,12.7,1.27,18.3
104535,2025,Jornada 9,JOV,4394,HOME,MAN,4396,1,83,79,4,90,23,44,52.3,6,22,27.3,19,24,79.2,29,66,43.9,12,27,39,12,5,14,6,21,24,76.5,78.6,108.6,103.3,5.2,1.06,1.26,54.2,48.5,33.3,36.4,36.4,64.3,52.0,41.4,15.5,0.86,15.3
104535,2025,Jornada 9,MAN,4396,AWAY,JOV,4394,0,79,83,-4,72,17,43,39.5,11,30,36.7,12,19,63.2,28,73,38.4,15,21,36,18,7,8,2,24,20,76.5,74.4,103.3,108.6,-5.2,1.06,1.08,48.5,45.9,41.1,26.0,35.7,63.6,48.0,64.3,9.0,2.25,24.2
104536,2025,Jornada 9,TEN,4391,HOME,RMB,4388,0,70,71,-1,70,11,25,44.0,11,30,36.7,15,21,71.4,22,55,40.0,4,17,21,16,10,11,1,17,21,72.3,71.2,96.9,98.3,-1.4,0.98,1.27,54.5,50.0,54.5,38.2,12.9,58.6,35.0,72.7,14.6,1.45,22.5
104536,2025,Jornada 9,RMB,4388,AWAY,TEN,4391,1,71,70,1,69,14,35,40.0,11,25,44.0,10,12,83.3,25,60,41.7,12,27,39,12,7,20,2,21,17,72.3,73.3,98.3,96.9,1.4,0.97,1.18,54.4,50.8,41.7,20.0,41.4,87.1,65.0,48.0,23.5,0.6,16.4
104537,2025,Jornada 9,BAR,4386,HOME,MBA,4385,1,102,71,31,128,24,32,75.0,12,26,46.2,18,25,72.0,36,58,62.1,4,23,27,21,14,11,1,17,23,75.7,76.0,134.7,93.7,40.9,1.34,1.76,73.9,72.4,44.8,43.1,20.0,82.1,56.2,58.3,13.8,1.91,27.6
104537,2025,Jornada 9,MBA,4385,AWAY,BAR,4386,0,71,102,-31,55,16,36,44.4,8,20,40.0,15,17,88.2,24,56,42.9,5,16,21,14,4,17,3,23,17,75.7,75.5,93.7,134.7,-40.9,0.94,1.27,55.9,50.0,35.7,30.4,17.9,80.0,43.8,58.3,21.1,0.82,18.5
104538,2025,Jornada 9,SBB,4389,HOME,GCA,4390,1,79,72,7,88,11,29,37.9,10,29,34.5,27,31,87.1,21,58,36.2,13,26,39,14,7,14,6,23,24,74.7,72.6,105.7,96.4,9.4,1.09,1.36,55.1,44.8,50.0,53.4,37.1,76.5,56.5,66.7,16.3,1.0,19.3
104538,2025,Jornada 9,GCA,4390,AWAY,SBB,4389,0,72,79,-7,54,15,34,44.1,9,29,31.0,15,20,75.0,24,63,38.1,8,22,30,10,5,13,3,24,21,74.7,76.8,96.4,105.7,-9.4,0.94,1.14,50.1,45.2,46.0,31.7,23.5,62.9,43.5,41.7,15.3,0.77,13.0
104539,2025,Jornada 9,BKN,4398,HOME,VBC,4397,0,89,91,-2,89,17,29,58.6,12,33,36.4,19,24,79.2,29,62,46.8,7,29,36,16,6,15,4,29,22,82.5,80.6,107.8,110.2,-2.4,1.1,1.44,61.3,56.5,53.2,38.7,21.2,63.0,45.6,55.2,17.1,1.07,19.9
104539,2025,Jornada 9,VBC,4397,AWAY,BKN,4398,1,91,89,2,96,18,46,39.1,10,31,32.3,25,33,75.8,28,77,36.4,17,26,43,17,6,10,3,22,29,82.5,84.5,110.2,107.8,2.4,1.08,1.18,49.7,42.9,40.3,42.9,37.0,78.8,54.4,60.7,9.9,1.7,20.1
104544,2025,Jornada 10,SBB,4389,HOME,LLE,4387,1,93,75,18,114,26,40,65.0,7,20,35.0,20,27,74.1,33,60,55.0,7,27,34,19,11,16,3,19,27,82.5,80.9,112.8,91.0,21.8,1.15,1.55,64.7,60.8,33.3,45.0,25.0,75.0,53.1,57.6,18.2,1.19,23.5
104544,2025,Jornada 10,LLE,4387,AWAY,SBB,4389,0,75,93,-18,62,20,47,42.6,7,23,30.4,14,16,87.5,27,70,38.6,9,21,30,13,13,16,4,28,19,82.5,84.0,91.0,112.8,-21.8,0.89,1.07,48.7,43.6,32.9,22.9,25.0,75.0,46.9,48.1,17.2,0.81,15.5
104545,2025,Jornada 10,UNI,4384,HOME,BUR,4402,1,99,91,8,105,24,36,66.7,10,33,30.3,21,26,80.8,34,69,49.3,9,18,27,23,11,12,4,24,21,83.2,83.4,119.0,109.4,9.6,1.19,1.43,61.5,56.5,47.8,37.7,26.5,66.7,44.3,67.6,13.0,1.92,27.6
104545,2025,Jornada 10,BUR,4402,AWAY,UNI,4384,0,91,99,-8,100,15,34,44.1,12,24,50.0,25,27,92.6,27,58,46.6,9,25,34,17,9,22,5,21,24,83.2,82.9,109.4,119.0,-9.6,1.1,1.57,65.1,56.9,41.4,46.6,33.3,73.5,55.7,63.0,23.9,0.77,20.5
104546,2025,Jornada 10,RMB,4388,HOME,GIR,4399,1,112,76,36,154,29,41,70.7,10,34,29.4,24,29,82.8,39,75,52.0,8,30,38,26,12,9,6,13,24,84.8,88.8,132.1,89.6,42.5,1.26,1.49,63.8,58.7,45.3,38.7,25.8,75.0,53.5,66.7,9.3,2.89,29.3
104546,2025,Jornada 10,GIR,4399,AWAY,RMB,4388,0,76,112,-36,54,16,40,40.0,12,29,41.4,8,11,72.7,28,69,40.6,10,23,33,16,6,17,1,24,13,84.8,80.8,89.6,132.1,-42.5,0.94,1.1,51.5,49.3,42.0,15.9,25.0,74.2,46.5,57.1,18.7,0.94,19.8
104547,2025,Jornada 10,VBC,4397,HOME,CAZ,4392,1,115,73,42,137,23,43,53.5,15,38,39.5,24,27,88.9,38,81,46.9,17,21,38,22,14,9,3,16,23,83.2,84.9,138.2,87.7,50.5,1.35,1.42,61.9,56.2,46.9,33.3,43.6,80.8,58.5,57.9,8.8,2.44,25.9
104547,2025,Jornada 10,CAZ,4392,AWAY,VBC,4397,0,73,115,-42,63,24,38,63.2,4,22,18.2,13,15,86.7,28,60,46.7,5,22,27,15,5,20,7,23,16,83.2,81.6,87.7,138.2,-50.5,0.89,1.22,54.8,50.0,36.7,25.0,19.2,56.4,41.5,53.6,23.1,0.75,18.4
104548,2025,Jornada 10,MAN,4396,HOME,BAR,4386,0,62,89,-27,50,21,47,44.7,5,19,26.3,5,8,62.5,26,66,39.4,9,14,23,19,11,15,1,21,17,74.3,75.5,83.4,119.7,-36.3,0.82,0.94,44.6,43.2,28.8,12.1,27.3,53.8,39.0,73.1,17.7,1.27,25.2
104548,2025,Jornada 10,BAR,4386,AWAY,MAN,4396,1,89,62,27,110,24,33,72.7,10,30,33.3,11,14,78.6,34,63,54.0,12,24,36,17,9,16,4,17,21,74.3,73.2,119.7,83.4,36.3,1.22,1.41,64.3,61.9,47.6,22.2,46.2,72.7,61.0,50.0,18.8,1.06,23.2
104540,2025,Jornada 10,UCM,4393,HOME,JOV,4394,1,80,77,3,90,18,41,43.9,7,25,28.0,23,28,82.1,25,66,37.9,6,30,36,14,7,8,3,21,28,79.7,80.3,100.4,96.6,3.8,1.0,1.21,51.1,43.2,37.9,42.4,18.2,75.0,49.3,56.0,9.3,1.75,17.4
104540,2025,Jornada 10,JOV,4394,AWAY,UCM,4393,0,77,80,-3,72,23,53,43.4,6,21,28.6,13,16,81.2,29,74,39.2,10,27,37,18,3,8,3,28,21,79.7,79.0,96.6,100.4,-3.8,0.97,1.04,47.5,43.2,28.4,21.6,25.0,81.8,50.7,62.1,9.0,2.25,22.8
104541,2025,Jornada 10,BRE,4395,HOME,TEN,4391,0,96,108,-12,106,28,44,63.6,6,18,33.3,22,29,75.9,34,62,54.8,8,11,19,19,12,10,3,22,27,77.3,76.8,124.1,139.6,-15.5,1.25,1.55,64.2,59.7,29.0,46.8,30.8,61.1,43.2,55.9,11.8,1.9,24.8
104541,2025,Jornada 10,TEN,4391,AWAY,BRE,4395,1,108,96,12,117,24,35,68.6,14,25,56.0,18,18,100.0,38,60,63.3,7,18,25,23,6,17,3,27,21,77.3,77.9,139.6,124.1,15.5,1.39,1.8,79.5,75.0,41.7,30.0,38.9,69.2,56.8,60.5,20.0,1.35,29.5
104542,2025,Jornada 10,GCA,4390,HOME,BKN,4398,0,75,97,-22,67,20,42,47.6,9,19,47.4,8,13,61.5,29,61,47.5,8,18,26,13,5,14,2,20,17,74.0,72.7,101.3,131.0,-29.7,1.03,1.23,56.2,54.9,31.1,21.3,25.8,60.0,42.6,44.8,17.3,0.93,17.9
104542,2025,Jornada 10,BKN,4398,AWAY,GCA,4390,1,97,75,22,119,23,35,65.7,12,30,40.0,15,19,78.9,35,65,53.8,12,23,35,19,14,14,0,17,20,74.0,75.4,131.0,101.3,29.7,1.29,1.49,66.1,63.1,46.2,29.2,40.0,74.2,57.4,54.3,16.0,1.36,25.2
104543,2025,Jornada 10,MBA,4385,HOME,COV,4401,1,86,81,5,80,16,31,51.6,12,33,36.4,18,23,78.3,28,64,43.8,12,22,34,16,4,15,0,24,20,76.4,77.1,112.5,106.0,6.5,1.12,1.34,58.0,53.1,51.6,35.9,38.7,68.8,54.0,57.1,16.8,1.07,20.7
104543,2025,Jornada 10,COV,4401,AWAY,MBA,4385,0,81,86,-5,86,17,33,51.5,8,27,29.6,23,29,79.3,25,60,41.7,10,19,29,17,10,13,0,21,24,76.4,75.8,106.0,112.5,-6.5,1.07,1.35,55.7,48.3,45.0,48.3,31.2,61.3,46.0,68.0,15.2,1.31,22.4
104549,2025,Jornada 11,GIR,4399,HOME,TEN,4391,0,89,96,-7,92,18,36,50.0,13,28,46.4,14,17,82.4,31,64,48.4,9,21,30,14,6,8,3,24,19,72.4,70.5,122.9,132.6,-9.7,1.26,1.39,62.3,58.6,43.8,26.6,27.3,87.5,52.6,45.2,10.1,1.75,19.9
104549,2025,Jornada 11,TEN,4391,AWAY,GIR,4399,1,96,89,7,110,13,26,50.0,18,31,58.1,16,19,84.2,31,57,54.4,3,24,27,22,4,12,1,20,24,72.4,74.4,132.6,122.9,9.7,1.29,1.68,73.4,70.2,54.4,33.3,12.5,72.7,47.4,71.0,15.5,1.83,29.6
104550,2025,Jornada 11,LLE,4387,HOME,RMB,4388,0,81,88,-7,78,21,35,60.0,8,22,36.4,15,22,68.2,29,57,50.9,9,18,27,18,4,12,1,25,22,70.3,69.7,115.3,125.2,-10.0,1.16,1.42,60.7,57.9,38.6,38.6,39.1,72.0,56.2,62.1,15.3,1.5,25.8
104550,2025,Jornada 11,RMB,4388,AWAY,LLE,4387,1,88,81,7,91,16,23,69.6,10,32,31.2,26,27,96.3,26,55,47.3,7,14,21,11,7,11,3,22,25,70.3,70.9,125.2,115.3,10.0,1.24,1.6,65.8,56.4,58.2,49.1,28.0,60.9,43.8,42.3,14.1,1.0,15.5
104551,2025,Jornada 11,GCA,4390,HOME,COV,4401,1,90,85,5,90,20,43,46.5,7,23,30.4,29,32,90.6,27,66,40.9,16,17,33,11,9,8,1,25,24,73.1,72.1,123.1,116.2,6.8,1.25,1.36,56.2,46.2,34.8,48.5,43.2,63.0,51.6,40.7,9.1,1.38,15.3
104551,2025,Jornada 11,COV,4401,AWAY,GCA,4390,0,85,90,-5,86,19,35,54.3,9,19,47.4,20,30,66.7,28,54,51.9,10,21,31,16,5,17,3,24,24,73.1,74.2,116.2,123.1,-6.8,1.15,1.57,63.2,60.2,35.2,55.6,37.0,56.8,48.4,57.1,20.2,0.94,21.6
104552,2025,Jornada 11,BUR,4402,HOME,MAN,4396,0,100,102,-2,103,27,47,57.4,9,25,36.0,19,25,76.0,36,72,50.0,12,22,34,19,11,18,1,26,24,88.8,89.0,112.7,114.9,-2.3,1.12,1.39,60.2,56.2,34.7,34.7,36.4,64.7,50.7,52.8,17.8,1.06,21.3
104552,2025,Jornada 11,MAN,4396,AWAY,BUR,4402,1,102,100,2,111,16,32,50.0,14,35,40.0,28,33,84.8,30,67,44.8,12,21,33,22,14,19,0,24,26,88.8,88.5,114.9,112.7,2.3,1.15,1.52,62.6,55.2,52.2,49.3,35.3,63.6,49.3,73.3,18.9,1.16,24.9
104553,2025,Jornada 11,BRE,4395,HOME,SBB,4389,1,100,99,1,107,17,36,47.2,15,34,44.1,21,24,87.5,32,70,45.7,6,20,26,20,9,6,3,26,25,79.2,80.6,126.2,125.0,1.3,1.24,1.43,62.1,56.4,48.6,34.3,18.8,66.7,41.9,62.5,6.9,3.33,24.8
104553,2025,Jornada 11,SBB,4389,AWAY,BRE,4395,0,99,100,-1,103,17,33,51.5,15,29,51.7,20,27,74.1,32,62,51.6,10,26,36,16,3,14,3,26,26,79.2,77.9,125.0,126.2,-1.3,1.27,1.6,67.0,63.7,46.8,43.5,33.3,81.2,58.1,50.0,15.9,1.14,20.5
104554,2025,Jornada 11,BAR,4386,HOME,JOV,4394,1,90,80,10,94,23,38,60.5,10,24,41.7,14,18,77.8,33,62,53.2,7,21,28,12,8,13,2,22,25,74.0,75.9,121.7,108.2,13.5,1.19,1.45,64.4,61.3,38.7,29.0,25.9,80.8,52.8,36.4,15.7,0.92,15.8
104554,2025,Jornada 11,JOV,4394,AWAY,BAR,4386,0,80,90,-10,80,23,35,65.7,5,18,27.8,19,25,76.0,28,53,52.8,5,20,25,14,7,13,3,25,22,74.0,72.0,108.2,121.7,-13.5,1.11,1.51,62.5,57.5,34.0,47.2,19.2,74.1,47.2,50.0,16.9,1.08,19.4
104555,2025,Jornada 11,UCM,4393,HOME,VBC,4397,1,92,80,12,86,27,47,57.4,8,27,29.6,14,20,70.0,35,74,47.3,18,26,44,12,6,13,3,24,15,78.6,77.8,117.0,101.8,15.3,1.18,1.24,55.6,52.7,36.5,27.0,51.4,72.2,62.0,34.3,13.6,0.92,15.4
104555,2025,Jornada 11,VBC,4397,AWAY,UCM,4393,0,80,92,-12,78,17,37,45.9,9,30,30.0,19,26,73.1,26,67,38.8,10,17,27,12,9,11,4,16,24,78.6,79.4,101.8,117.0,-15.3,1.01,1.19,51.0,45.5,44.8,38.8,27.8,48.6,38.0,46.2,12.3,1.09,15.1
104556,2025,Jornada 11,CAZ,4392,HOME,MBA,4385,1,107,89,18,117,17,28,60.7,16,32,50.0,25,35,71.4,33,60,55.0,10,24,34,15,5,10,2,26,28,75.6,75.4,141.5,117.7,23.8,1.42,1.78,71.0,68.3,53.3,58.3,43.5,66.7,57.6,45.5,11.7,1.5,19.9
104556,2025,Jornada 11,MBA,4385,AWAY,CAZ,4392,0,89,107,-18,72,14,32,43.8,14,32,43.8,19,27,70.4,28,64,43.8,12,13,25,14,4,12,1,28,25,75.6,75.9,117.7,141.5,-23.8,1.17,1.39,58.6,54.7,50.0,42.2,33.3,56.5,42.4,50.0,13.7,1.17,18.5
104557,2025,Jornada 11,UNI,4384,HOME,BKN,4398,0,90,93,-3,93,23,38,60.5,7,23,30.4,23,29,79.3,30,61,49.2,10,24,34,18,4,13,1,28,24,78.0,76.8,115.4,119.3,-3.8,1.17,1.48,61.0,54.9,37.7,47.5,28.6,92.3,55.7,60.0,15.0,1.38,23.4
104557,2025,Jornada 11,BKN,4398,AWAY,UNI,4384,1,93,90,3,97,19,32,59.4,10,24,41.7,25,30,83.3,29,56,51.8,2,25,27,14,6,12,0,25,27,78.0,79.2,119.3,115.4,3.8,1.17,1.66,67.2,60.7,42.9,53.6,7.7,71.4,44.3,48.3,14.8,1.17,17.7
104558,2025,Jornada 12,BKN,4398,HOME,BUR,4402,1,89,77,12,98,19,36,52.8,10,27,37.0,21,26,80.8,29,63,46.0,13,24,37,15,10,18,8,23,25,79.7,79.4,111.6,96.6,15.1,1.12,1.41,59.8,54.0,42.9,41.3,43.3,75.0,59.7,51.7,19.5,0.83,18.9
104558,2025,Jornada 12,BUR,4402,AWAY,BKN,4398,0,77,89,-12,63,22,44,50.0,6,18,33.3,15,25,60.0,28,62,45.2,8,17,25,13,10,15,7,25,23,79.7,80.0,96.6,111.6,-15.1,0.96,1.24,52.7,50.0,29.0,40.3,25.0,56.7,40.3,46.4,17.0,0.87,16.2
104559,2025,Jornada 12,CAZ,4392,HOME,MAN,4396,0,83,95,-12,87,25,42,59.5,6,21,28.6,15,23,65.2,31,63,49.2,7,24,31,20,8,15,0,22,24,79.8,81.1,104.0,119.0,-15.0,1.02,1.32,56.8,54.0,33.3,36.5,22.6,72.7,48.4,64.5,17.0,1.33,24.7
104559,2025,Jornada 12,MAN,4396,AWAY,CAZ,4392,1,95,83,12,114,22,34,64.7,12,34,35.3,15,17,88.2,34,68,50.0,9,24,33,27,9,12,2,24,20,79.8,78.5,119.0,104.0,15.0,1.21,1.4,62.9,58.8,50.0,25.0,27.3,77.4,51.6,79.4,13.7,2.25,34.4
104560,2025,Jornada 12,COV,4401,HOME,UCM,4393,0,79,86,-7,78,16,31,51.6,6,21,28.6,29,36,80.6,22,52,42.3,1,24,25,13,5,14,5,22,25,80.5,80.8,98.1,106.8,-8.7,0.98,1.52,58.2,48.1,40.4,69.2,3.2,66.7,37.3,59.1,17.1,0.93,16.1
104560,2025,Jornada 12,UCM,4393,AWAY,COV,4401,1,86,79,7,88,23,43,53.5,8,30,26.7,16,21,76.2,31,73,42.5,12,30,42,14,10,10,2,26,22,80.5,80.2,106.8,98.1,8.7,1.07,1.18,52.3,47.9,41.1,28.8,33.3,96.8,62.7,45.2,10.8,1.4,17.4
104561,2025,Jornada 12,JOV,4394,HOME,BRE,4395,1,83,75,8,88,25,44,56.8,7,25,28.0,12,23,52.2,32,69,46.4,13,22,35,20,6,8,3,22,21,72.3,74.1,114.7,103.7,11.1,1.12,1.2,52.5,51.4,36.2,33.3,33.3,62.9,47.3,62.5,9.2,2.5,27.0
104561,2025,Jornada 12,BRE,4395,AWAY,JOV,4394,0,75,83,-8,83,21,41,51.2,4,25,16.0,21,24,87.5,25,66,37.9,13,26,39,16,4,7,2,21,22,72.3,70.6,103.7,114.7,-11.1,1.06,1.14,49.0,40.9,37.9,36.4,37.1,66.7,52.7,64.0,8.4,2.29,22.7
104562,2025,Jornada 12,GIR,4399,HOME,LLE,4387,1,103,86,17,110,18,33,54.5,12,36,33.3,31,40,77.5,30,69,43.5,15,20,35,22,10,9,1,26,29,79.4,80.6,129.7,108.3,21.4,1.28,1.49,59.5,52.2,52.2,58.0,41.7,80.0,57.4,73.3,9.4,2.44,27.3
104562,2025,Jornada 12,LLE,4387,AWAY,GIR,4399,0,86,103,-17,81,12,21,57.1,11,30,36.7,29,37,78.4,23,51,45.1,5,21,26,15,4,16,7,29,25,79.4,78.3,108.3,129.7,-21.4,1.1,1.69,63.9,55.9,58.8,72.5,20.0,58.3,42.6,65.2,19.2,0.94,19.2
104563,2025,Jornada 12,TEN,4391,HOME,GCA,4390,0,70,71,-1,65,15,29,51.7,5,27,18.5,25,28,89.3,20,56,35.7,5,24,29,14,6,13,1,25,26,75.2,76.3,93.1,94.5,-1.3,0.92,1.25,51.2,40.2,48.2,50.0,14.7,82.8,46.0,70.0,16.0,1.08,18.3
104563,2025,Jornada 12,GCA,4390,AWAY,TEN,4391,1,71,70,1,73,17,31,54.8,6,26,23.1,19,25,76.0,23,57,40.4,5,29,34,12,8,11,4,27,23,75.2,74.0,94.5,93.1,1.3,0.96,1.25,52.2,45.6,45.6,43.9,17.2,85.3,54.0,52.2,13.9,1.09,16.2
104564,2025,Jornada 12,SBB,4389,HOME,BAR,4386,0,66,71,-5,61,15,29,51.7,5,24,20.8,21,26,80.8,20,53,37.7,6,23,29,10,9,18,3,21,24,76.5,76.4,86.3,92.8,-6.5,0.86,1.25,51.2,42.5,45.3,49.1,20.7,76.7,49.2,50.0,21.8,0.56,13.1
104564,2025,Jornada 12,BAR,4386,AWAY,SBB,4389,1,71,66,5,69,18,32,56.2,9,33,27.3,8,15,53.3,27,65,41.5,7,23,30,18,10,12,3,24,21,76.5,76.6,92.8,86.3,6.5,0.93,1.09,49.6,48.5,50.8,23.1,23.3,79.3,50.8,66.7,14.4,1.5,23.5
104565,2025,Jornada 12,VBC,4397,HOME,MBA,4385,1,84,79,5,96,25,43,58.1,9,38,23.7,7,12,58.3,34,81,42.0,19,21,40,21,11,12,8,17,16,77.8,79.3,108.0,101.6,6.4,1.06,1.04,48.7,47.5,46.9,14.8,48.7,77.8,60.6,61.8,12.2,1.75,26.5
104565,2025,Jornada 12,MBA,4385,AWAY,VBC,4397,0,79,84,-5,74,17,33,51.5,11,28,39.3,12,12,100.0,28,61,45.9,6,20,26,16,6,16,3,17,17,77.8,76.3,101.6,108.0,-6.4,1.04,1.3,59.6,54.9,45.9,19.7,22.2,51.3,39.4,57.1,19.4,1.0,21.0
104566,2025,Jornada 12,RMB,4388,HOME,UNI,4384,1,91,82,9,106,23,37,62.2,5,19,26.3,30,38,78.9,28,56,50.0,6,22,28,16,6,6,4,22,28,74.4,72.7,122.4,110.3,12.1,1.25,1.62,62.6,54.5,33.9,67.9,20.7,68.8,45.9,57.1,7.6,2.67,22.0
104566,2025,Jornada 12,UNI,4384,AWAY,RMB,4388,0,82,91,-9,68,24,41,58.5,6,25,24.0,16,25,64.0,30,66,45.5,10,23,33,11,3,9,3,28,21,74.4,76.0,110.3,122.4,-12.1,1.08,1.24,53.2,50.0,37.9,37.9,31.2,79.3,54.1,36.7,10.5,1.22,14.5
104567,2025,Jornada 13,BRE,4395,HOME,BKN,4398,0,100,103,-3,91,25,48,52.1,12,30,40.0,14,16,87.5,37,78,47.4,12,20,32,16,5,9,2,28,19,80.6,82.0,124.1,127.8,-3.7,1.22,1.28,58.8,55.1,38.5,20.5,34.3,69.0,50.0,43.2,9.6,1.78,19.5
104567,2025,Jornada 13,BKN,4398,AWAY,BRE,4395,1,103,100,3,125,19,34,55.9,10,27,37.0,35,39,89.7,29,61,47.5,9,23,32,19,8,10,3,19,27,80.6,79.2,127.8,124.1,3.7,1.3,1.69,65.9,55.7,44.3,63.9,31.0,65.7,50.0,65.5,11.3,1.9,24.0
104568,2025,Jornada 13,BUR,4402,HOME,GCA,4390,1,94,81,13,114,19,39,48.7,10,28,35.7,26,33,78.8,29,67,43.3,18,21,39,22,10,7,1,19,23,72.2,70.5,130.2,112.2,18.0,1.33,1.4,57.7,50.7,41.8,49.3,48.6,77.8,60.9,75.9,7.9,3.14,31.2
104568,2025,Jornada 13,GCA,4390,AWAY,BUR,4402,0,81,94,-13,86,23,29,79.3,8,29,27.6,11,18,61.1,31,58,53.4,6,19,25,23,6,14,4,23,19,72.2,73.9,112.2,130.2,-18.0,1.1,1.4,61.4,60.3,50.0,31.0,22.2,51.4,39.1,74.2,17.5,1.64,31.1
104569,2025,Jornada 13,UNI,4384,HOME,JOV,4394,1,105,83,22,123,18,37,48.6,19,31,61.3,12,15,80.0,37,68,54.4,9,21,30,22,5,4,1,20,21,68.5,69.6,153.3,121.2,32.1,1.51,1.54,70.4,68.4,45.6,22.1,33.3,84.0,57.7,59.5,5.1,5.5,31.6
104569,2025,Jornada 13,JOV,4394,AWAY,UNI,4384,0,83,105,-22,88,17,28,60.7,11,25,44.0,16,19,84.2,28,53,52.8,4,18,22,18,2,10,3,21,20,68.5,67.4,121.2,153.3,-32.1,1.23,1.57,67.6,63.2,47.2,35.8,16.0,66.7,42.3,64.3,14.0,1.8,26.7
104570,2025,Jornada 13,TEN,4391,HOME,COV,4401,1,80,75,5,85,18,29,62.1,11,32,34.4,11,18,61.1,29,61,47.5,6,20,26,15,6,6,1,21,24,68.7,68.9,116.4,109.1,7.3,1.16,1.31,58.0,56.6,52.5,29.5,18.2,74.1,43.3,51.7,8.0,2.5,21.8
104570,2025,Jornada 13,COV,4401,AWAY,TEN,4391,0,75,80,-5,80,13,27,48.1,10,26,38.5,19,24,79.2,23,53,43.4,7,27,34,15,6,12,1,24,21,68.7,68.6,109.1,116.4,-7.3,1.09,1.42,59.0,52.8,49.1,45.3,25.9,81.8,56.7,65.2,15.9,1.25,21.9
104571,2025,Jornada 13,UCM,4393,HOME,RMB,4388,0,80,91,-11,64,19,39,48.7,10,30,33.3,12,20,60.0,29,69,42.0,12,22,34,14,4,9,2,27,18,73.6,74.8,108.7,123.6,-14.9,1.07,1.16,51.4,49.3,43.5,29.0,35.3,66.7,50.7,48.3,10.4,1.56,18.7
104571,2025,Jornada 13,RMB,4388,AWAY,UCM,4393,1,91,80,11,111,21,43,48.8,7,18,38.9,28,35,80.0,28,61,45.9,11,22,33,15,7,7,5,19,27,73.6,72.4,123.6,108.7,14.9,1.26,1.49,59.6,51.6,29.5,57.4,33.3,64.7,49.3,53.6,8.4,2.14,20.7
104572,2025,Jornada 13,SBB,4389,HOME,VBC,4397,0,72,116,-44,49,20,37,54.1,7,32,21.9,11,14,78.6,27,69,39.1,6,14,20,16,8,12,2,25,19,81.6,81.2,88.3,142.2,-53.9,0.89,1.04,47.9,44.2,46.4,20.3,15.8,63.6,33.3,59.3,13.8,1.33,19.7
104572,2025,Jornada 13,VBC,4397,AWAY,SBB,4389,1,116,72,44,151,24,31,77.4,16,34,47.1,20,25,80.0,40,65,61.5,8,32,40,21,8,14,6,19,25,81.6,82.0,142.2,88.3,53.9,1.41,1.78,76.3,73.8,52.3,38.5,36.4,84.2,66.7,52.5,15.6,1.5,25.6
104573,2025,Jornada 13,MAN,4396,HOME,GIR,4399,0,95,97,-2,95,14,21,66.7,16,45,35.6,19,21,90.5,30,66,45.5,8,24,32,18,2,16,4,23,24,83.5,83.2,113.8,116.2,-2.4,1.14,1.44,63.1,57.6,68.2,31.8,23.5,70.6,47.1,60.0,17.5,1.12,21.6
104573,2025,Jornada 13,GIR,4399,AWAY,MAN,4396,1,97,95,2,97,26,44,59.1,10,30,33.3,15,22,68.2,36,74,48.6,10,26,36,14,7,10,3,24,23,83.5,83.7,116.2,113.8,2.4,1.16,1.31,58.0,55.4,40.5,29.7,29.4,76.5,52.9,38.9,10.7,1.4,16.7
104574,2025,Jornada 13,MBA,4385,HOME,LLE,4387,0,79,87,-8,76,16,30,53.3,6,29,20.7,29,37,78.4,22,59,37.3,6,25,31,14,9,12,3,26,27,80.2,81.3,98.5,108.5,-10.0,0.97,1.34,52.5,42.4,49.2,62.7,19.4,69.4,46.3,63.6,13.7,1.17,17.2
104574,2025,Jornada 13,LLE,4387,AWAY,MBA,4385,1,87,79,8,90,22,36,61.1,6,26,23.1,25,32,78.1,28,62,45.2,11,25,36,18,5,14,4,28,26,80.2,79.1,108.5,98.5,10.0,1.1,1.4,57.2,50.0,41.9,51.6,30.6,80.6,53.7,64.3,15.5,1.29,22.8
104575,2025,Jornada 13,BAR,4386,HOME,CAZ,4392,1,100,80,20,114,26,37,70.3,12,31,38.7,12,19,63.2,38,68,55.9,9,24,33,18,7,10,4,19,21,76.5,77.4,130.7,104.5,26.1,1.29,1.47,65.5,64.7,45.6,27.9,34.6,88.9,62.3,47.4,11.6,1.8,23.3
104575,2025,Jornada 13,CAZ,4392,AWAY,BAR,4386,0,80,100,-20,70,22,40,55.0,6,17,35.3,18,22,81.8,28,57,49.1,3,17,20,12,5,12,4,21,19,76.5,75.7,104.5,130.7,-26.1,1.06,1.4,60.0,54.4,29.8,38.6,11.1,65.4,37.7,42.9,15.3,1.0,15.9
104576,2025,Jornada 14,BRE,4395,HOME,UNI,4384,1,98,82,16,119,19,29,65.5,14,28,50.0,18,26,69.2,33,57,57.9,9,20,29,23,6,10,4,22,25,69.7,69.4,140.6,117.7,23.0,1.41,1.72,71.6,70.2,49.1,45.6,34.6,62.5,50.0,69.7,12.7,2.3,33.1
104576,2025,Jornada 14,UNI,4384,AWAY,BRE,4395,0,82,98,-16,79,14,34,41.2,13,29,44.8,15,18,83.3,27,63,42.9,12,17,29,15,7,11,2,25,22,69.7,69.9,117.7,140.6,-23.0,1.17,1.3,57.8,53.2,46.0,28.6,37.5,65.4,50.0,55.6,13.4,1.36,21.5
104577,2025,Jornada 14,COV,4401,HOME,BUR,4402,0,90,107,-17,74,21,40,52.5,11,28,39.3,15,21,71.4,32,68,47.1,11,20,31,17,6,16,3,30,19,82.6,82.2,109.0,129.5,-20.6,1.09,1.32,58.3,55.1,41.2,30.9,32.4,80.0,52.5,53.1,17.2,1.06,20.7
104577,2025,Jornada 14,BUR,4402,AWAY,COV,4401,1,107,90,17,134,31,47,66.0,7,17,41.2,24,34,70.6,38,64,59.4,5,23,28,22,10,9,4,19,30,82.6,83.0,129.5,109.0,20.6,1.29,1.67,67.8,64.8,26.6,53.1,20.0,67.6,47.5,57.9,10.2,2.44,26.5
104578,2025,Jornada 14,GCA,4390,HOME,UCM,4393,1,77,72,5,78,21,39,53.8,6,21,28.6,17,25,68.0,27,60,45.0,8,22,30,12,6,9,1,22,24,71.9,72.0,107.1,100.1,7.0,1.07,1.28,54.2,50.0,35.0,41.7,25.8,56.4,42.9,44.4,11.2,1.33,16.7
104578,2025,Jornada 14,UCM,4393,AWAY,GCA,4390,0,72,77,-5,67,16,34,47.1,9,33,27.3,13,20,65.0,25,67,37.3,17,23,40,12,7,13,1,24,22,71.9,71.8,100.1,107.1,-7.0,1.0,1.07,47.5,44.0,49.3,29.9,43.6,74.2,57.1,48.0,14.6,0.92,16.7
104579,2025,Jornada 14,JOV,4394,HOME,TEN,4391,1,78,67,11,87,19,42,45.2,10,25,40.0,10,19,52.6,29,67,43.3,6,30,36,19,7,7,4,19,18,75.7,76.4,103.0,88.5,14.5,1.02,1.16,51.8,50.7,37.3,28.4,16.7,88.2,51.4,65.5,8.5,2.71,24.9
104579,2025,Jornada 14,TEN,4391,AWAY,JOV,4394,0,67,78,-11,62,15,30,50.0,8,29,27.6,13,16,81.2,23,59,39.0,4,30,34,13,3,13,2,20,19,75.7,75.0,88.5,103.0,-14.5,0.89,1.14,50.7,45.8,49.2,27.1,11.8,83.3,48.6,56.5,16.4,1.0,17.3
104580,2025,Jornada 14,RMB,4388,HOME,BAR,4386,0,100,105,-5,119,27,43,62.8,10,23,43.5,16,22,72.7,37,66,56.1,7,15,22,22,6,4,5,20,25,71.5,72.7,139.8,146.8,-7.0,1.38,1.52,66.1,63.6,34.8,33.3,24.1,53.6,38.6,59.5,5.0,5.5,30.3
104580,2025,Jornada 14,BAR,4386,AWAY,RMB,4388,1,105,100,5,109,23,42,54.8,14,25,56.0,17,19,89.5,37,67,55.2,13,22,35,16,2,8,2,26,19,71.5,70.4,146.8,139.8,7.0,1.49,1.57,69.7,65.7,37.3,28.4,46.4,75.9,61.4,43.2,9.6,2.0,22.7
104581,2025,Jornada 14,LLE,4387,HOME,CAZ,4392,0,77,87,-10,76,18,33,54.5,5,23,21.7,26,30,86.7,23,56,41.1,5,27,32,17,4,18,4,23,25,79.7,82.2,96.7,109.2,-12.6,0.94,1.38,55.6,45.5,41.1,53.6,16.7,87.1,52.5,73.9,20.6,0.94,20.7
104581,2025,Jornada 14,CAZ,4392,AWAY,LLE,4387,1,87,77,10,95,25,42,59.5,6,20,30.0,19,23,82.6,31,62,50.0,4,25,29,13,10,9,6,25,23,79.7,77.1,109.2,96.7,12.6,1.13,1.4,60.3,54.8,32.3,37.1,12.9,83.3,47.5,41.9,11.1,1.44,16.9
104582,2025,Jornada 14,BKN,4398,HOME,MBA,4385,1,99,92,7,108,19,36,52.8,17,38,44.7,10,15,66.7,36,74,48.6,15,25,40,26,7,14,3,26,20,78.7,79.6,125.7,116.8,8.9,1.24,1.34,61.4,60.1,51.4,20.3,39.5,78.1,57.1,72.2,14.8,1.86,32.7
104582,2025,Jornada 14,MBA,4385,AWAY,BKN,4398,0,92,99,-7,105,21,36,58.3,8,28,28.6,26,27,96.3,29,64,45.3,7,23,30,13,7,9,4,20,26,78.7,77.9,116.8,125.7,-8.9,1.18,1.44,60.6,51.6,43.8,42.2,21.9,60.5,42.9,44.8,10.6,1.44,16.7
104583,2025,Jornada 14,GIR,4399,HOME,SBB,4389,0,89,93,-4,88,21,35,60.0,12,31,38.7,11,15,73.3,33,66,50.0,11,27,38,16,2,16,3,23,20,77.1,77.6,115.5,120.7,-5.2,1.15,1.35,61.3,59.1,47.0,22.7,34.4,77.1,56.7,48.5,18.1,1.0,20.6
104583,2025,Jornada 14,SBB,4389,AWAY,GIR,4399,1,93,89,4,102,16,28,57.1,12,34,35.3,25,33,75.8,28,62,45.2,8,21,29,18,8,8,4,20,23,77.1,76.5,120.7,115.5,5.2,1.22,1.5,60.8,54.8,54.8,53.2,22.9,65.6,43.3,64.3,9.5,2.25,23.5
104584,2025,Jornada 14,VBC,4397,HOME,MAN,4396,1,103,76,27,119,32,55,58.2,9,27,33.3,12,18,66.7,41,82,50.0,14,22,36,27,13,10,1,23,21,83.5,85.9,123.4,91.0,32.3,1.2,1.26,57.3,55.5,32.9,22.0,36.8,59.5,48.0,65.9,10.0,2.7,31.4
104584,2025,Jornada 14,MAN,4396,AWAY,VBC,4397,0,76,103,-27,66,11,27,40.7,11,33,33.3,21,32,65.6,22,60,36.7,15,24,39,19,1,22,2,21,22,83.5,81.1,91.0,123.4,-32.3,0.94,1.27,51.3,45.8,55.0,53.3,40.5,63.2,52.0,86.4,22.9,0.86,23.4
104585,2025,Jornada 15,CAZ,4392,HOME,GCA,4390,1,95,84,11,112,29,46,63.0,8,20,40.0,13,18,72.2,37,66,56.1,14,17,31,23,7,13,3,19,23,73.4,72.9,129.4,114.4,15.0,1.3,1.44,64.3,62.1,30.3,27.3,50.0,60.7,55.4,62.2,15.0,1.77,31.5
104585,2025,Jornada 15,GCA,4390,AWAY,CAZ,4392,0,84,95,-11,87,26,37,70.3,7,27,25.9,11,18,61.1,33,64,51.6,11,14,25,22,9,13,4,23,19,73.4,73.9,114.4,129.4,-15.0,1.14,1.31,58.4,57.0,42.2,28.1,39.3,50.0,44.6,66.7,15.3,1.69,29.8
104586,2025,Jornada 15,SBB,4389,HOME,UCM,4393,1,96,82,14,105,19,39,48.7,11,24,45.8,25,34,73.5,30,63,47.6,10,26,36,15,6,11,3,23,26,77.7,79.0,123.6,105.5,18.0,1.22,1.52,61.6,56.3,38.1,54.0,30.3,66.7,50.0,50.0,12.4,1.36,19.0
104586,2025,Jornada 15,UCM,4393,AWAY,SBB,4389,0,82,96,-14,75,22,47,46.8,6,22,27.3,20,26,76.9,28,69,40.6,13,23,36,13,7,9,1,27,22,77.7,76.4,105.5,123.6,-18.0,1.07,1.19,51.0,44.9,31.9,37.7,33.3,69.7,50.0,46.4,10.1,1.44,17.0
104587,2025,Jornada 15,TEN,4391,HOME,LLE,4387,0,87,94,-7,98,24,37,64.9,9,33,27.3,12,12,100.0,33,70,47.1,7,21,28,21,10,6,4,22,19,75.1,74.3,115.8,125.1,-9.3,1.17,1.24,57.8,53.6,47.1,17.1,21.2,75.0,45.9,63.6,7.4,3.5,28.3
104587,2025,Jornada 15,LLE,4387,AWAY,TEN,4391,1,94,87,7,113,19,35,54.3,12,25,48.0,20,25,80.0,31,60,51.7,7,26,33,22,5,12,6,19,22,75.1,76.0,125.1,115.8,9.3,1.24,1.57,66.2,61.7,41.7,41.7,25.0,78.8,54.1,71.0,14.5,1.83,28.9
104588,2025,Jornada 15,MAN,4396,HOME,BRE,4395,1,104,99,5,117,21,38,55.3,10,25,40.0,32,40,80.0,31,63,49.2,10,18,28,17,11,15,1,23,35,83.5,85.6,124.6,118.6,6.0,1.21,1.65,64.5,57.1,39.7,63.5,31.2,52.9,42.4,54.8,15.7,1.13,19.9
104588,2025,Jornada 15,BRE,4395,AWAY,MAN,4396,0,99,104,-5,96,27,49,55.1,7,19,36.8,24,28,85.7,34,68,50.0,16,22,38,16,10,17,1,35,23,83.5,81.3,118.6,124.6,-6.0,1.22,1.46,61.6,55.1,27.9,41.2,47.1,68.8,57.6,47.1,17.5,0.94,19.7
104589,2025,Jornada 15,BUR,4402,HOME,JOV,4394,0,95,98,-3,97,24,43,55.8,8,26,30.8,23,28,82.1,32,69,46.4,8,15,23,18,18,12,3,27,25,83.5,85.3,113.7,117.3,-3.6,1.11,1.38,58.4,52.2,37.7,40.6,24.2,60.0,39.7,56.2,12.9,1.5,21.1
104589,2025,Jornada 15,JOV,4394,AWAY,BUR,4402,1,98,95,3,112,20,29,69.0,12,28,42.9,22,29,75.9,32,57,56.1,10,25,35,22,8,22,4,25,27,83.5,81.8,117.3,113.7,3.6,1.2,1.72,70.2,66.7,49.1,50.9,40.0,75.8,60.3,68.8,24.0,1.0,26.9
104590,2025,Jornada 15,VBC,4397,HOME,UNI,4384,0,70,76,-6,74,22,48,45.8,6,28,21.4,8,16,50.0,28,76,36.8,12,29,41,16,7,10,7,16,24,81.2,81.0,86.2,93.6,-7.4,0.86,0.92,42.1,40.8,36.8,21.1,25.0,74.4,47.1,57.1,10.7,1.6,19.7
104590,2025,Jornada 15,UNI,4384,AWAY,VBC,4397,1,76,70,6,85,20,36,55.6,10,37,27.0,6,10,60.0,30,73,41.1,10,36,46,20,9,14,9,24,16,81.2,81.4,93.6,86.2,7.4,0.93,1.04,49.1,47.9,50.7,13.7,25.6,75.0,52.9,66.7,15.3,1.43,24.6
104591,2025,Jornada 15,BAR,4386,HOME,COV,4401,1,108,71,37,127,25,37,67.6,15,26,57.7,13,17,76.5,40,63,63.5,8,18,26,19,10,8,1,20,21,67.9,70.5,159.2,104.6,54.5,1.53,1.71,76.6,75.4,41.3,27.0,36.4,78.3,57.8,47.5,10.2,2.38,27.0
104591,2025,Jornada 15,COV,4401,AWAY,BAR,4386,0,71,108,-37,66,23,29,79.3,3,21,14.3,16,21,76.2,26,50,52.0,5,14,19,11,4,11,3,21,20,67.9,65.2,104.6,159.2,-54.5,1.09,1.42,59.9,55.0,42.0,42.0,21.7,63.6,42.2,42.3,15.7,1.0,16.9
104592,2025,Jornada 15,GIR,4399,HOME,BKN,4398,0,85,96,-11,77,20,36,55.6,7,26,26.9,24,32,75.0,27,62,43.5,9,18,27,17,3,11,3,22,24,76.3,78.1,111.4,125.8,-14.4,1.09,1.37,55.9,49.2,41.9,51.6,30.0,62.1,45.8,63.0,12.6,1.55,21.8
104592,2025,Jornada 15,BKN,4398,AWAY,GIR,4399,1,96,85,11,103,21,37,56.8,12,27,44.4,18,24,75.0,33,64,51.6,11,21,32,18,8,11,6,26,20,76.3,74.6,125.8,111.4,14.4,1.29,1.5,64.4,60.9,42.2,37.5,37.9,70.0,54.2,54.5,12.9,1.64,24.1
104593,2025,Jornada 15,MBA,4385,HOME,RMB,4388,0,85,90,-5,80,19,42,45.2,10,30,33.3,17,24,70.8,29,72,40.3,15,23,38,13,6,10,3,24,22,76.5,77.6,111.1,117.6,-6.5,1.1,1.18,51.5,47.2,41.7,33.3,44.1,62.2,53.5,44.8,10.8,1.3,16.8
104593,2025,Jornada 15,RMB,4388,AWAY,MBA,4385,1,90,85,5,98,24,34,70.6,6,32,18.8,24,33,72.7,30,66,45.5,14,19,33,19,7,9,3,22,24,76.5,75.5,117.6,111.1,6.5,1.19,1.36,55.9,50.0,48.5,50.0,37.8,55.9,46.5,63.3,10.1,2.11,25.2
104594,2025,Jornada 16,UNI,4384,HOME,COV,4401,1,88,79,9,90,17,30,56.7,14,35,40.0,12,27,44.4,31,65,47.7,17,26,43,19,8,14,3,24,21,75.0,73.9,117.3,105.3,12.0,1.19,1.35,57.2,58.5,53.8,41.5,47.2,78.8,62.3,61.3,15.4,1.36,25.7
104594,2025,Jornada 16,COV,4401,AWAY,UNI,4384,0,79,88,-9,78,20,42,47.6,7,22,31.8,18,23,78.3,27,64,42.2,7,19,26,13,8,9,5,22,23,75.0,76.1,105.3,117.3,-12.0,1.04,1.23,53.3,47.7,34.4,35.9,21.2,52.8,37.7,48.1,10.8,1.44,17.1
104595,2025,Jornada 16,MBA,4385,HOME,BRE,4395,0,101,104,-3,104,17,33,51.5,12,20,60.0,31,35,88.6,29,53,54.7,7,22,29,17,3,17,1,26,28,81.3,78.4,124.3,128.0,-3.7,1.29,1.91,73.8,66.0,37.7,66.0,38.9,64.7,55.8,58.6,19.9,1.0,21.7
104595,2025,Jornada 16,BRE,4395,AWAY,MBA,4385,1,104,101,3,105,28,38,73.7,10,39,25.6,18,23,78.3,38,77,49.4,12,11,23,21,8,9,5,28,26,81.3,84.1,128.0,124.3,3.7,1.24,1.35,59.7,55.8,50.6,29.9,35.3,61.1,44.2,55.3,9.4,2.33,25.0
104596,2025,Jornada 16,GCA,4390,HOME,LLE,4387,0,50,68,-18,39,17,44,38.6,3,25,12.0,7,11,63.6,20,69,29.0,14,19,33,10,9,16,4,14,20,73.3,75.8,68.2,92.8,-24.6,0.66,0.72,33.9,31.2,36.2,15.9,31.8,73.1,47.1,50.0,17.8,0.62,13.2
104596,2025,Jornada 16,LLE,4387,AWAY,GCA,4390,1,68,50,18,77,18,34,52.9,7,20,35.0,11,13,84.6,25,54,46.3,7,30,37,13,14,18,4,20,14,73.3,70.7,92.8,68.2,24.6,0.96,1.26,56.9,52.8,37.0,24.1,26.9,68.2,52.9,52.0,23.2,0.72,18.4
104597,2025,Jornada 16,SBB,4389,HOME,TEN,4391,1,95,78,17,122,13,30,43.3,16,25,64.0,21,26,80.8,29,55,52.7,8,24,32,21,5,8,7,20,21,67.3,66.4,141.2,115.9,25.3,1.43,1.73,71.5,67.3,45.5,47.3,29.6,63.2,49.2,72.4,10.7,2.62,31.6
104597,2025,Jornada 16,TEN,4391,AWAY,SBB,4389,0,78,95,-17,75,19,44,43.2,9,24,37.5,13,14,92.9,28,68,41.2,14,19,33,18,4,8,0,22,20,67.3,68.2,115.9,141.2,-25.3,1.14,1.15,52.6,47.8,35.3,20.6,36.8,70.4,50.8,64.3,9.7,2.25,26.4
104598,2025,Jornada 16,BUR,4402,HOME,BAR,4386,0,79,80,-1,88,27,47,57.4,4,21,19.0,13,19,68.4,31,68,45.6,10,21,31,16,11,12,5,19,22,77.5,78.4,101.9,103.2,-1.3,1.01,1.16,51.7,48.5,30.9,27.9,30.3,87.5,54.4,51.6,13.6,1.33,20.4
104598,2025,Jornada 16,BAR,4386,AWAY,BUR,4402,1,80,79,1,77,19,29,65.5,11,30,36.7,9,13,69.2,30,59,50.8,3,23,26,19,5,15,3,22,19,77.5,76.7,103.2,101.9,1.3,1.04,1.36,61.8,60.2,50.8,22.0,12.5,69.7,45.6,63.3,18.8,1.27,24.8
104599,2025,Jornada 16,JOV,4394,HOME,GIR,4399,0,71,74,-3,71,19,31,61.3,4,28,14.3,21,25,84.0,23,59,39.0,10,24,34,12,5,19,2,19,25,79.0,79.0,89.9,93.7,-3.8,0.9,1.2,50.7,42.4,47.5,42.4,35.7,70.6,54.8,52.2,21.3,0.63,15.2
104599,2025,Jornada 16,GIR,4399,AWAY,JOV,4394,1,74,71,3,60,18,37,48.6,10,34,29.4,8,9,88.9,28,71,39.4,10,18,28,20,6,14,0,26,18,79.0,79.0,93.7,89.9,3.8,0.94,1.04,49.4,46.5,47.9,12.7,29.4,64.3,45.2,71.4,15.7,1.43,25.3
104600,2025,Jornada 16,BKN,4398,HOME,MAN,4396,1,130,85,45,158,20,32,62.5,23,33,69.7,21,27,77.8,43,65,66.2,7,24,31,25,12,13,7,27,24,84.9,82.9,153.2,100.1,53.0,1.57,2.0,84.5,83.8,50.8,41.5,28.0,70.6,52.5,58.1,14.5,1.92,30.2
104600,2025,Jornada 16,MAN,4396,AWAY,BKN,4398,0,85,130,-45,77,19,39,48.7,8,27,29.6,23,27,85.2,27,66,40.9,10,18,28,22,5,19,3,24,27,84.9,86.9,100.1,153.2,-53.0,0.98,1.29,54.6,47.0,40.9,40.9,29.4,72.0,47.5,81.5,19.6,1.16,25.3
104601,2025,Jornada 16,UCM,4393,HOME,CAZ,4392,1,90,84,6,90,19,37,51.4,10,28,35.7,22,33,66.7,29,65,44.6,9,21,30,12,13,12,2,21,26,81.9,82.5,109.9,102.6,7.3,1.09,1.38,56.6,52.3,43.1,50.8,24.3,63.6,42.9,41.4,13.1,1.0,14.5
104601,2025,Jornada 16,CAZ,4392,AWAY,UCM,4393,0,84,90,-6,78,19,41,46.3,9,26,34.6,19,21,90.5,28,67,41.8,12,28,40,12,7,17,3,28,20,81.9,81.2,102.6,109.9,-7.3,1.03,1.25,55.1,48.5,38.8,31.3,36.4,75.7,57.1,42.9,18.2,0.71,14.8
104602,2025,Jornada 16,RMB,4388,HOME,VBC,4397,1,94,79,15,109,18,25,72.0,14,41,34.1,16,23,69.6,32,66,48.5,10,24,34,21,8,10,5,18,17,74.9,76.1,125.6,105.5,20.0,1.23,1.42,61.7,59.1,62.1,34.8,35.7,68.6,54.0,65.6,11.6,2.1,27.6
104602,2025,Jornada 16,VBC,4397,AWAY,RMB,4388,0,79,94,-15,77,14,32,43.8,13,33,39.4,12,15,80.0,27,65,41.5,11,18,29,21,6,13,1,18,18,74.9,73.6,105.5,125.6,-20.0,1.07,1.22,55.2,51.5,50.8,23.1,31.4,64.3,46.0,77.8,15.4,1.62,28.5
104608,2025,Jornada 17,GCA,4390,HOME,VBC,4397,0,80,90,-10,78,23,49,46.9,8,27,29.6,10,17,58.8,31,76,40.8,16,20,36,16,5,7,4,20,18,73.0,74.5,109.6,123.3,-13.7,1.07,1.05,47.9,46.1,35.5,22.4,41.0,60.6,50.0,51.6,7.7,2.29,21.5
104608,2025,Jornada 17,VBC,4397,AWAY,GCA,4390,1,90,80,10,98,22,38,57.9,10,28,35.7,16,24,66.7,32,66,48.5,13,23,36,18,5,8,2,19,20,73.0,71.6,123.3,109.6,13.7,1.26,1.36,58.8,56.1,42.4,36.4,39.4,59.0,50.0,56.2,9.5,2.25,25.2
104609,2025,Jornada 17,BKN,4398,HOME,JOV,4394,1,87,77,10,101,19,38,50.0,11,30,36.7,16,19,84.2,30,68,44.1,11,20,31,16,13,11,3,16,21,76.7,76.4,113.5,100.4,13.0,1.14,1.28,57.0,52.2,44.1,27.9,30.6,69.0,47.7,53.3,12.6,1.45,21.0
104609,2025,Jornada 17,JOV,4394,AWAY,BKN,4398,0,77,87,-10,69,21,46,45.7,10,18,55.6,5,9,55.6,31,64,48.4,9,25,34,14,5,18,2,21,16,76.7,77.0,100.4,113.5,-13.0,1.0,1.2,56.7,56.2,28.1,14.1,31.0,69.4,52.3,45.2,20.9,0.78,18.2
104610,2025,Jornada 17,UNI,4384,HOME,UCM,4393,1,92,88,4,107,20,38,52.6,10,31,32.3,22,27,81.5,30,69,43.5,11,30,41,21,6,11,2,20,23,82.5,80.9,111.6,106.7,4.9,1.14,1.33,56.9,50.7,44.9,39.1,30.6,76.9,54.7,70.0,12.0,1.91,26.0
104610,2025,Jornada 17,UCM,4393,AWAY,UNI,4384,0,88,92,-4,85,19,42,45.2,13,31,41.9,11,16,68.8,32,73,43.8,9,25,34,18,6,13,3,23,20,82.5,84.0,106.7,111.6,-4.9,1.05,1.21,55.0,52.7,42.5,21.9,23.1,69.4,45.3,56.2,14.0,1.38,21.4
104611,2025,Jornada 17,BAR,4386,HOME,TEN,4391,0,82,89,-7,89,23,36,63.9,9,22,40.9,9,14,64.3,32,58,55.2,6,16,22,13,8,7,3,19,19,65.8,65.2,124.7,135.3,-10.6,1.26,1.41,63.9,62.9,37.9,24.1,25.0,76.2,48.9,40.6,9.8,1.86,20.0
104611,2025,Jornada 17,TEN,4391,AWAY,BAR,4386,1,89,82,7,100,22,34,64.7,12,23,52.2,9,10,90.0,34,57,59.6,5,18,23,19,5,10,1,19,19,65.8,66.4,135.3,124.7,10.6,1.34,1.56,72.5,70.2,40.4,17.5,23.8,75.0,51.1,55.9,14.0,1.9,28.6
104603,2025,Jornada 17,CAZ,4392,HOME,GIR,4399,0,90,94,-4,99,23,39,59.0,7,22,31.8,23,31,74.2,30,61,49.2,5,26,31,16,9,10,2,25,25,80.7,79.6,111.5,116.5,-5.0,1.13,1.48,60.3,54.9,36.1,50.8,17.9,76.5,50.0,53.3,11.8,1.6,20.1
104603,2025,Jornada 17,GIR,4399,AWAY,CAZ,4392,1,94,90,4,99,14,30,46.7,16,33,48.5,18,29,62.1,30,63,47.6,8,23,31,26,8,14,0,25,25,80.7,81.8,116.5,111.5,5.0,1.15,1.49,62.0,60.3,52.4,46.0,23.5,82.1,50.0,86.7,15.6,1.86,31.8
104604,2025,Jornada 17,BRE,4395,HOME,RMB,4388,0,85,103,-18,84,20,36,55.6,12,38,31.6,9,11,81.8,32,74,43.2,12,20,32,18,6,7,0,16,15,75.1,73.8,113.2,137.1,-24.0,1.15,1.15,53.9,51.4,51.4,14.9,33.3,71.4,50.0,56.2,8.2,2.57,24.4
104604,2025,Jornada 17,RMB,4388,AWAY,BRE,4395,1,103,85,18,128,25,41,61.0,15,29,51.7,8,10,80.0,40,70,57.1,8,24,32,25,4,10,5,15,16,75.1,76.4,137.1,113.2,24.0,1.35,1.47,69.2,67.9,41.4,14.3,28.6,66.7,50.0,62.5,11.8,2.5,32.7
104605,2025,Jornada 17,LLE,4387,HOME,BUR,4402,1,73,72,1,80,13,29,44.8,10,29,34.5,17,22,77.3,23,58,39.7,7,33,40,15,7,15,5,23,20,77.8,75.7,93.8,92.5,1.3,0.96,1.26,53.9,48.3,50.0,37.9,21.9,75.0,52.6,65.2,18.1,1.0,19.8
104605,2025,Jornada 17,BUR,4402,AWAY,LLE,4387,0,72,73,-1,65,24,48,50.0,5,23,21.7,9,18,50.0,29,71,40.8,11,25,36,12,11,12,2,23,23,77.8,79.9,92.5,93.8,-1.3,0.9,1.01,45.6,44.4,32.4,25.4,25.0,78.1,47.4,41.4,13.2,1.0,15.0
104606,2025,Jornada 17,COV,4401,HOME,SBB,4389,0,84,88,-4,79,18,36,50.0,5,29,17.2,33,41,80.5,23,65,35.4,14,31,45,10,4,16,8,28,26,84.3,85.0,99.6,104.3,-4.7,0.99,1.29,50.6,39.2,44.6,63.1,37.8,75.6,57.7,43.5,16.2,0.62,11.8
104606,2025,Jornada 17,SBB,4389,AWAY,COV,4401,1,88,84,4,80,16,39,41.0,12,32,37.5,20,31,64.5,28,71,39.4,10,23,33,17,8,9,4,27,27,84.3,83.6,104.3,99.6,4.7,1.05,1.24,52.0,47.9,45.1,43.7,24.4,62.2,42.3,60.7,9.6,1.89,20.3
104607,2025,Jornada 17,MAN,4396,HOME,MBA,4385,1,91,84,7,90,17,31,54.8,14,32,43.8,15,24,62.5,31,63,49.2,8,20,28,19,9,17,4,25,22,79.7,82.6,114.2,105.4,8.8,1.1,1.44,61.9,60.3,50.8,38.1,30.8,80.0,54.9,61.3,18.8,1.12,23.0
104607,2025,Jornada 17,MBA,4385,AWAY,MAN,4396,0,84,91,-7,85,22,38,57.9,7,18,38.9,19,29,65.5,29,56,51.8,5,18,23,18,10,13,0,22,25,79.7,76.8,105.4,114.2,-8.8,1.09,1.5,61.1,58.0,32.1,51.8,20.0,69.2,45.1,62.1,15.9,1.38,23.4
104612,2025,Jornada 18,COV,4401,HOME,BRE,4395,0,64,83,-19,48,18,40,45.0,5,24,20.8,13,21,61.9,23,64,35.9,15,18,33,11,6,19,2,18,22,74.5,77.2,85.9,111.4,-25.5,0.83,1.0,43.7,39.8,37.5,32.8,44.1,75.0,56.9,47.8,20.6,0.58,14.2
104612,2025,Jornada 18,BRE,4395,AWAY,COV,4401,1,83,64,19,97,24,34,70.6,11,27,40.7,2,4,50.0,35,61,57.4,6,19,25,22,12,15,4,22,18,74.5,71.8,111.4,85.9,25.5,1.16,1.36,66.1,66.4,44.3,6.6,25.0,55.9,43.1,62.9,19.3,1.47,30.7
104613,2025,Jornada 18,MBA,4385,HOME,GCA,4390,1,94,78,16,97,19,35,54.3,12,29,41.4,20,24,83.3,31,64,48.4,7,25,32,17,7,10,3,26,23,77.2,77.6,121.8,101.1,20.7,1.21,1.47,63.0,57.8,45.3,37.5,25.9,73.5,52.5,54.8,11.8,1.7,21.9
104613,2025,Jornada 18,GCA,4390,AWAY,MBA,4385,0,78,94,-16,77,16,36,44.4,8,27,29.6,22,29,75.9,24,63,38.1,9,20,29,14,6,10,6,23,25,77.2,76.8,101.1,121.8,-20.7,1.02,1.24,51.5,44.4,42.9,46.0,26.5,74.1,47.5,58.3,11.7,1.4,18.2
104614,2025,Jornada 18,SBB,4389,HOME,JOV,4394,1,80,76,4,82,17,40,42.5,9,27,33.3,19,20,95.0,26,67,38.8,9,21,30,13,5,8,4,20,23,72.4,74.8,110.5,104.9,5.5,1.07,1.19,52.8,45.5,40.3,29.9,27.3,67.7,46.9,50.0,9.5,1.62,17.4
104614,2025,Jornada 18,JOV,4394,AWAY,SBB,4389,0,76,80,-4,81,19,31,61.3,8,30,26.7,14,16,87.5,27,61,44.3,10,24,34,20,3,12,3,23,20,72.4,70.0,104.9,110.5,-5.5,1.09,1.25,55.8,50.8,49.2,26.2,32.3,72.7,53.1,74.1,15.0,1.67,28.6
104615,2025,Jornada 18,GIR,4399,HOME,BUR,4402,1,77,71,6,91,23,38,60.5,7,27,25.9,10,13,76.9,30,65,46.2,5,33,38,18,8,14,2,19,20,81.4,79.7,94.5,87.2,7.4,0.97,1.18,54.4,51.5,41.5,20.0,18.5,70.2,51.4,60.0,16.5,1.29,22.6
104615,2025,Jornada 18,BUR,4402,AWAY,GIR,4399,0,71,77,-6,65,15,46,32.6,9,31,29.0,14,14,100.0,24,77,31.2,14,22,36,15,12,14,1,20,19,81.4,83.2,87.2,94.5,-7.4,0.85,0.92,42.7,37.0,40.3,18.2,29.8,81.5,48.6,62.5,14.4,1.07,18.0
104616,2025,Jornada 18,MAN,4396,HOME,UNI,4384,0,92,98,-6,95,20,30,66.7,9,32,28.1,25,35,71.4,29,62,46.8,9,20,29,19,3,12,5,27,31,78.9,80.4,116.7,124.3,-7.6,1.14,1.48,59.4,54.0,51.6,56.5,33.3,66.7,50.9,65.5,13.4,1.58,23.6
104616,2025,Jornada 18,UNI,4384,AWAY,MAN,4396,1,98,92,6,99,22,37,59.5,10,26,38.5,24,28,85.7,32,63,50.8,10,18,28,17,9,12,2,32,27,78.9,77.3,124.3,116.7,7.6,1.27,1.56,65.1,58.7,41.3,44.4,33.3,66.7,49.1,53.1,13.7,1.42,22.0
104617,2025,Jornada 18,RMB,4388,HOME,CAZ,4392,1,99,78,21,118,19,31,61.3,14,34,41.2,19,24,79.2,33,65,50.8,9,20,29,18,9,7,6,17,20,74.5,73.6,132.9,104.7,28.2,1.35,1.52,65.5,61.5,52.3,36.9,30.0,62.5,46.8,54.5,8.5,2.57,24.5
104617,2025,Jornada 18,CAZ,4392,AWAY,RMB,4388,0,78,99,-21,76,27,52,51.9,3,16,18.8,15,17,88.2,30,68,44.1,12,21,33,16,4,12,4,20,17,74.5,75.5,104.7,132.9,-28.2,1.03,1.15,51.7,46.3,23.5,25.0,37.5,70.0,53.2,53.3,13.7,1.33,21.2
104618,2025,Jornada 18,VBC,4397,HOME,LLE,4387,1,101,65,36,118,16,30,53.3,17,36,47.2,18,26,69.2,33,66,50.0,10,21,31,14,11,9,4,17,26,76.6,76.4,131.8,84.8,47.0,1.32,1.53,65.2,62.9,54.5,39.4,33.3,77.8,54.4,42.4,10.4,1.56,18.3
104618,2025,Jornada 18,LLE,4387,AWAY,VBC,4397,0,65,101,-36,47,21,37,56.8,5,24,20.8,8,11,72.7,26,61,42.6,6,20,26,13,6,17,4,26,17,76.6,76.8,84.8,131.8,-47.0,0.85,1.07,49.4,46.7,39.3,18.0,22.2,66.7,45.6,50.0,20.5,0.76,16.9
104619,2025,Jornada 18,TEN,4391,HOME,BKN,4398,1,89,85,4,93,18,39,46.2,10,24,41.7,23,28,82.1,28,63,44.4,8,19,27,15,6,5,3,26,24,71.8,72.3,124.0,118.4,5.6,1.23,1.41,59.1,52.4,38.1,44.4,24.2,70.4,45.0,53.6,6.2,3.0,20.7
104619,2025,Jornada 18,BKN,4398,AWAY,TEN,4391,0,85,89,-4,84,19,31,61.3,6,21,28.6,29,37,78.4,25,52,48.1,8,25,33,11,4,11,0,25,25,71.8,71.3,118.4,124.0,-5.6,1.19,1.63,62.2,53.8,40.4,71.2,29.6,75.8,55.0,44.0,13.9,1.0,15.4
104620,2025,Jornada 18,UCM,4393,HOME,BAR,4386,1,84,83,1,85,14,22,63.6,13,31,41.9,17,23,73.9,27,53,50.9,6,25,31,18,2,12,0,26,21,70.2,69.1,119.7,118.3,1.4,1.22,1.58,66.5,63.2,58.5,43.4,23.1,83.3,55.4,66.7,16.0,1.5,26.0
104620,2025,Jornada 18,BAR,4386,AWAY,UCM,4393,0,83,84,-1,97,22,39,56.4,9,24,37.5,12,21,57.1,31,63,49.2,5,20,25,22,6,4,1,21,26,70.2,71.2,118.3,119.7,-1.4,1.17,1.32,57.4,56.3,38.1,33.3,16.7,76.9,44.6,71.0,5.2,5.5,30.9
104621,2025,Jornada 19,BUR,4402,HOME,TEN,4391,1,96,88,8,97,28,46,60.9,6,21,28.6,22,32,68.8,34,67,50.7,11,15,26,17,12,7,4,29,24,77.2,77.1,124.4,114.0,10.4,1.25,1.43,59.2,55.2,31.3,47.8,32.4,71.4,47.3,50.0,7.9,2.43,22.1
104621,2025,Jornada 19,TEN,4391,AWAY,BUR,4402,0,88,96,-8,86,11,18,61.1,13,29,44.8,27,37,73.0,24,47,51.1,6,23,29,15,5,20,3,25,28,77.2,77.3,114.0,124.4,-10.4,1.14,1.87,69.5,64.9,61.7,78.7,28.6,67.6,52.7,62.5,24.0,0.75,19.4
104622,2025,Jornada 19,UNI,4384,HOME,MBA,4385,1,91,79,12,93,24,37,64.9,9,27,33.3,16,22,72.7,33,64,51.6,7,21,28,13,7,11,1,22,24,75.4,77.7,120.7,104.8,15.9,1.17,1.42,61.8,58.6,42.2,34.4,26.9,72.4,50.9,39.4,13.0,1.18,16.7
104622,2025,Jornada 19,MBA,4385,AWAY,UNI,4384,0,79,91,-12,78,17,29,58.6,8,28,28.6,21,23,91.3,25,57,43.9,8,19,27,15,7,14,1,24,22,75.4,73.1,104.8,120.7,-15.9,1.08,1.39,58.8,50.9,49.1,40.4,27.6,73.1,49.1,60.0,17.3,1.07,20.5
104623,2025,Jornada 19,GCA,4390,HOME,SBB,4389,0,97,98,-1,99,20,40,50.0,9,27,33.3,30,35,85.7,29,67,43.3,12,22,34,16,5,12,3,26,28,81.4,82.4,119.2,120.4,-1.2,1.18,1.45,58.9,50.0,40.3,52.2,38.7,84.6,59.6,55.2,12.7,1.33,19.4
104623,2025,Jornada 19,SBB,4389,AWAY,GCA,4390,1,98,97,1,104,19,33,57.6,10,25,40.0,30,35,85.7,29,58,50.0,4,19,23,23,6,11,3,28,26,81.4,80.4,120.4,119.2,1.2,1.22,1.69,66.8,58.6,43.1,60.3,15.4,61.3,40.4,79.3,13.0,2.09,28.6
104624,2025,Jornada 19,BRE,4395,HOME,UCM,4393,0,95,106,-11,109,24,36,66.7,9,22,40.9,20,20,100.0,33,58,56.9,8,24,32,21,3,18,3,22,22,78.7,76.8,120.7,134.7,-14.0,1.24,1.64,71.1,64.7,37.9,34.5,36.4,75.0,59.3,63.6,21.2,1.17,27.3
104624,2025,Jornada 19,UCM,4393,AWAY,BRE,4395,1,106,95,11,121,30,44,68.2,11,31,35.5,13,15,86.7,41,75,54.7,8,14,22,24,13,7,2,22,22,78.7,80.6,134.7,120.7,14.0,1.32,1.41,65.0,62.0,41.3,20.0,25.0,63.6,40.7,58.5,7.9,3.43,29.8
104625,2025,Jornada 19,LLE,4387,HOME,MAN,4396,0,90,99,-9,83,22,44,50.0,9,21,42.9,19,26,73.1,31,65,47.7,13,16,29,14,7,15,3,26,26,78.1,78.4,115.3,126.8,-11.5,1.15,1.38,58.9,54.6,32.3,40.0,38.2,80.0,53.7,45.2,16.4,0.93,17.8
104625,2025,Jornada 19,MAN,4396,AWAY,LLE,4387,1,99,90,9,111,14,23,60.9,17,30,56.7,20,22,90.9,31,53,58.5,4,21,25,23,5,19,5,26,26,78.1,77.7,126.8,115.3,11.5,1.27,1.87,79.0,74.5,56.6,41.5,20.0,61.8,46.3,74.2,23.3,1.21,29.6
104626,2025,Jornada 19,JOV,4394,HOME,VBC,4397,1,90,87,3,105,27,40,67.5,6,24,25.0,18,25,72.0,33,64,51.6,13,23,36,18,5,11,3,21,24,76.4,73.0,117.8,113.9,3.9,1.23,1.41,60.0,56.2,37.5,39.1,37.1,63.9,50.7,54.5,12.8,1.64,24.7
104626,2025,Jornada 19,VBC,4397,AWAY,JOV,4394,0,87,90,-3,90,23,40,57.5,11,32,34.4,8,20,40.0,34,72,47.2,13,22,35,25,10,12,1,24,21,76.4,79.8,113.9,117.8,-3.9,1.09,1.21,53.8,54.9,44.4,27.8,36.1,62.9,49.3,73.5,12.9,2.08,31.3
104627,2025,Jornada 19,RMB,4388,HOME,COV,4401,1,94,79,15,108,17,25,68.0,15,31,48.4,15,21,71.4,32,56,57.1,2,24,26,21,6,18,5,18,24,80.0,81.2,117.5,98.7,18.7,1.16,1.68,72.0,70.5,55.4,37.5,8.7,72.7,46.4,65.6,21.6,1.17,25.8
104627,2025,Jornada 19,COV,4401,AWAY,RMB,4388,0,79,94,-15,75,23,47,48.9,5,17,29.4,18,20,90.0,28,64,43.8,9,21,30,13,13,15,3,24,18,80.0,78.8,98.7,117.5,-18.7,1.0,1.23,54.3,47.7,26.6,31.2,27.3,91.3,53.6,46.4,17.1,0.87,16.5
104629,2025,Jornada 19,BAR,4386,HOME,GIR,4399,1,97,92,5,111,18,27,66.7,16,26,61.5,13,20,65.0,34,53,64.2,6,18,24,21,6,17,3,20,23,74.7,72.8,129.9,123.2,6.7,1.33,1.83,78.5,79.2,49.1,37.7,31.6,69.2,53.3,61.8,21.6,1.24,28.8
104629,2025,Jornada 19,GIR,4399,AWAY,BAR,4386,0,92,97,-5,95,29,44,65.9,7,21,33.3,13,15,86.7,36,65,55.4,8,13,21,25,6,13,0,23,20,74.7,76.6,123.2,129.9,-6.7,1.2,1.42,64.2,60.8,32.3,23.1,30.8,68.4,46.7,69.4,15.4,1.92,32.6
104630,2025,Jornada 20,CAZ,4392,HOME,JOV,4394,0,67,79,-12,70,15,37,40.5,6,20,30.0,19,28,67.9,21,57,36.8,8,32,40,16,3,14,5,22,24,76.9,75.3,87.1,102.8,-15.6,0.89,1.18,48.3,42.1,35.1,49.1,25.8,66.7,50.6,76.2,16.8,1.14,21.2
104630,2025,Jornada 20,JOV,4394,AWAY,CAZ,4392,1,79,67,12,75,20,51,39.2,6,26,23.1,21,26,80.8,26,77,33.8,16,23,39,17,5,6,4,24,22,76.9,78.4,102.8,87.1,15.6,1.01,1.03,44.7,37.7,33.8,33.8,33.3,74.2,49.4,65.4,6.4,2.83,21.7
104631,2025,Jornada 20,COV,4401,HOME,GCA,4390,0,83,90,-7,83,12,30,40.0,11,24,45.8,26,31,83.9,23,54,42.6,4,18,22,12,15,14,2,22,27,79.1,77.6,105.0,113.8,-8.9,1.07,1.54,61.4,52.8,44.4,57.4,16.0,69.2,43.1,52.2,17.1,0.86,15.5
104631,2025,Jornada 20,GCA,4390,AWAY,COV,4401,1,90,83,7,88,24,35,68.6,11,24,45.8,9,17,52.9,35,59,59.3,8,21,29,19,5,22,7,27,21,79.1,80.5,113.8,105.0,8.9,1.12,1.53,67.7,68.6,40.7,28.8,30.8,84.0,56.9,54.3,24.9,0.86,23.6
104632,2025,Jornada 20,TEN,4391,HOME,BRE,4395,1,90,81,9,103,18,30,60.0,13,30,43.3,15,20,75.0,31,60,51.7,11,20,31,16,6,11,2,20,23,69.8,68.8,128.9,116.0,12.9,1.31,1.5,65.4,62.5,50.0,33.3,39.3,76.9,57.4,51.6,13.8,1.45,23.3
104632,2025,Jornada 20,BRE,4395,AWAY,TEN,4391,0,81,90,-9,72,17,32,53.1,10,27,37.0,17,20,85.0,27,59,45.8,6,17,23,11,6,9,1,23,19,69.8,70.8,116.0,128.9,-12.9,1.14,1.37,59.7,54.2,45.8,33.9,23.1,60.7,42.6,40.7,11.7,1.22,15.5
104633,2025,Jornada 20,UCM,4393,HOME,BUR,4402,1,101,82,19,103,22,46,47.8,12,24,50.0,21,27,77.8,34,70,48.6,7,24,31,19,9,17,2,26,26,90.5,91.9,111.6,90.6,21.0,1.1,1.44,61.7,57.1,34.3,38.6,25.0,61.5,46.3,55.9,17.2,1.12,20.7
104633,2025,Jornada 20,BUR,4402,AWAY,UCM,4393,0,82,101,-19,68,24,54,44.4,4,19,21.1,22,30,73.3,28,73,38.4,15,21,36,13,12,18,0,27,25,90.5,89.2,90.6,111.6,-21.0,0.92,1.12,47.6,41.1,26.0,41.1,38.5,75.0,53.7,46.4,17.3,0.72,14.6
104634,2025,Jornada 20,LLE,4387,HOME,GIR,4399,0,81,93,-12,88,15,37,40.5,10,34,29.4,21,28,75.0,25,71,35.2,15,15,30,23,9,6,3,19,23,72.6,74.3,111.5,128.1,-16.5,1.09,1.14,48.6,42.3,47.9,39.4,38.5,57.7,46.2,92.0,6.7,3.83,30.9
104634,2025,Jornada 20,GIR,4399,AWAY,LLE,4387,1,93,81,12,106,21,33,63.6,13,27,48.1,12,18,66.7,34,60,56.7,11,24,35,24,3,14,3,23,19,72.6,70.9,128.1,111.5,16.5,1.31,1.55,68.5,67.5,45.0,30.0,42.3,61.5,53.8,70.6,17.1,1.71,33.8
104635,2025,Jornada 20,MBA,4385,HOME,VBC,4397,0,75,107,-32,64,18,37,48.6,10,30,33.3,9,11,81.8,28,67,41.8,7,20,27,15,4,13,3,21,18,79.5,77.8,94.3,134.5,-40.2,0.96,1.12,52.2,49.3,44.8,16.4,19.4,64.5,40.3,53.6,15.3,1.15,19.3
104635,2025,Jornada 20,VBC,4397,AWAY,MBA,4385,1,107,75,32,133,23,36,63.9,15,40,37.5,16,21,76.2,38,76,50.0,11,29,40,23,10,7,3,18,21,79.5,81.2,134.5,94.3,40.2,1.32,1.41,62.8,59.9,52.6,27.6,35.5,80.6,59.7,60.5,7.6,3.29,28.3
104636,2025,Jornada 20,BAR,4386,HOME,MAN,4396,1,97,60,37,106,27,49,55.1,9,28,32.1,16,18,88.9,36,77,46.8,16,35,51,14,9,16,1,24,20,82.0,84.9,118.3,73.2,45.1,1.14,1.26,57.1,52.6,36.4,23.4,43.2,77.8,62.2,38.9,15.9,0.88,16.5
104636,2025,Jornada 20,MAN,4396,AWAY,BAR,4386,0,60,97,-37,51,13,39,33.3,6,25,24.0,16,23,69.6,19,64,29.7,10,21,31,12,9,15,3,20,24,82.0,79.1,73.2,118.3,-45.1,0.76,0.94,40.5,34.4,39.1,35.9,22.2,56.8,37.8,63.2,16.8,0.8,15.2
104637,2025,Jornada 20,SBB,4389,HOME,BKN,4398,0,69,76,-7,51,19,47,40.4,10,29,34.5,1,3,33.3,29,76,38.2,15,25,40,13,5,19,1,20,18,78.4,81.3,88.0,96.9,-8.9,0.85,0.91,44.6,44.7,38.2,3.9,35.7,71.4,51.9,44.8,19.7,0.68,16.0
104637,2025,Jornada 20,BKN,4398,AWAY,SBB,4389,1,76,69,7,97,22,40,55.0,6,23,26.1,14,17,82.4,28,63,44.4,10,27,37,16,13,15,7,18,20,78.4,75.5,96.9,88.0,8.9,1.01,1.21,53.9,49.2,36.5,27.0,28.6,64.3,48.1,57.1,17.5,1.07,21.2
104638,2025,Jornada 20,UNI,4384,HOME,RMB,4388,0,92,96,-4,86,15,30,50.0,16,29,55.2,14,26,53.8,31,59,52.5,6,16,22,20,6,13,1,22,23,77.2,77.4,119.1,124.3,-5.2,1.19,1.56,65.3,66.1,49.2,44.1,19.4,72.7,41.5,64.5,15.6,1.54,25.8
104638,2025,Jornada 20,RMB,4388,AWAY,UNI,4384,1,96,92,4,109,28,40,70.0,7,19,36.8,19,25,76.0,35,59,59.3,6,25,31,18,6,13,4,24,22,77.2,77.0,124.3,119.1,5.2,1.25,1.63,68.6,65.3,32.2,42.4,27.3,80.6,58.5,51.4,15.7,1.38,23.4
